label,energy,engine,externalid,label,type,imei,label,manufacturer,model,serialnumber,simnumber,d_comment,dvi_date
SPRINTER 5980,DIESEL,,GJ673AY,SPRINTER 5980,LCV,350612078735980,350612078735980,DT,FMT100,1132560215,8944477100002168931,,2023-11-13 10:23:00.000000
TRAFIC 6007,DIESEL,,GP929EQ,TRAFIC 6007,LCV,350612073596007,350612073596007,DT,FMT100,1131765614,8944477100002168311,,2023-11-13 10:32:00.000000
VITO 9858,DIESEL,,FM633JE,VITO 9858,LCV,350612077599858,350612077599858,DT,FMT100,1132560980,8944477100002171943,,2023-11-13 10:36:00.000000
SPRINTER 8181,DIESEL,,GJ592AY,SPRINTER 8181,LCV,350612077598181,350612077598181,DT,FMT100,1132561012,8944477100002171950,,2023-11-13 10:42:00.000000
CRAFTER 8173,DIESEL,,FE768DB,CRAFTER 8173,LCV,350612077598173,350612077598173,DT,FMT100,1132561009,8944477100002171968,,2023-11-13 10:46:00.000000
MASTER 5975,DIESEL,,GL105QV,MASTER 5975,LCV,350612077225975,350612077225975,DT,FMT100,1132561003,8944477100002171935,,2023-11-13 10:52:00.000000
CRAFTER 2621,DIESEL,,GP816DV,CRAFTER 2621,LCV,350612075522621,350612075522621,DT,FMT100,1131612676,8944477100002168964,,2023-11-13 10:56:00.000000
PARTNER 3455,DIESEL,,FY865CG,PARTNER 3455,LCV,350612077593455,350612077593455,DT,FMT100,1132560912,8944477100002172081,,2023-11-13 11:07:00.000000
308 8009,DIESEL,,GH657MW,308 8009,PC,350612077598009,350612077598009,DT,FMT100,1132560984,8944477100002171869,,2023-11-13 11:09:00.000000
A6 3539,GAZ+ELEC HNR,,FY175AH,A6 3539,PC,350612077593539,350612077593539,DT,FMT100,1132560947,8944477100002171927,,2023-11-13 11:16:00.000000
SUPERB 6834,DIESEL,,FS512XH,SUPERB 6834,PC,350612077626834,350612077626834,DT,FMT100,1132561017,8944477100002171844,,2023-11-13 11:21:00.000000
CADDY 8116,DIESEL,,FW630FB,CADDY 8116,LCV,350612077598116,350612077598116,DT,FMT100,1132561005,8944477100002171976,,2023-11-13 11:32:00.000000
ACTROS 8017,DIESEL,,FB693VV,ACTROS 8017,OGV2,350612077598017,350612077598017,DT,FMT100,1132561006,8944477100002172016,,2023-11-13 11:40:00.000000
GOLF 5820,DIESEL,,GB119TT,GOLF 5820,PC,350612075545820,350612075545820,DT,FMT100,1131607685,8944477100002169038,,2023-11-15 11:24:00.000000
208 6023,DIESEL,,DH276KS,208 6023,PC,350612073596023,350612073596023,DT,FMT100,1131765623,8944477100002168899,,2023-11-15 11:47:00.000000
PARTNER 0192,DIESEL,,GQ068WR,PARTNER 0192,LCV,350612077610192,350612077610192,DT,FMT100,1132560803,8944477100002171067,,2023-11-15 11:56:00.000000
PARTNER 9635,DIESEL,,GQ970WQ,PARTNER 9635,LCV,350612077599635,350612077599635,DT,FMT100,1132560982,8944477100002171885,,2023-11-15 12:47:00.000000
PARTNER 3786,DIESEL,,GN994WX,PARTNER 3786,LCV,350612077593786,350612077593786,DT,FMT100,1132560953,8944477100002171919,,2023-11-15 13:57:00.000000
PARTNER 9700,DIESEL,,GM546RQ,PARTNER 9700,LCV,350612077599700,350612077599700,DT,FMT100,1132560983,8944477100002171893,,2023-11-15 14:24:00.000000
PARTNER 2649,DIESEL,,ED514XS,PARTNER 2649,LCV,350612078732649,350612078732649,DT,FMT100,1132560251,8944477100002164559,,2023-11-15 14:40:00.000000
MASTER 8817,DIESEL,,EP144CE,MASTER 8817,LCV,350317171528817,350317171528817,DT,FMT100,1128478201,8944476400000673374,,2023-11-16 08:17:00.000000
SPRINTER 9865,DIESEL,,EM720SQ,SPRINTER 9865,LCV,350317171519865,350317171519865,DT,FMT100,1128474780,8944476400000672889,,2023-11-16 08:44:00.000000
CRAFTER 2033,DIESEL,,FH247KR,CRAFTER 2033,LCV,350317171532033,350317171532033,DT,FMT100,1128481365,8944476400000672418,,2023-11-16 09:03:00.000000
SPRINTER 8550,DIESEL,,DV354PX,SPRINTER 8550,LCV,350317171538550,350317171538550,DT,FMT100,1128474948,8944476400000670750,,2023-11-16 09:13:00.000000
CRAFTER 6496,DIESEL,,GL496CA,CRAFTER 6496,LCV,350317171546496,350317171546496,DT,FMT100,1128476533,8944476400000674067,,2023-11-16 09:22:00.000000
JUMPER 9560,DIESEL,,DW802RK,JUMPER 9560,LCV,350612077179560,350612077179560,DT,FMT100,1132340589,8944477100002171224,,2023-11-16 09:33:00.000000
SPRINTER 9080,DIESEL,,FW341JD,SPRINTER 9080,LCV,350612077599080,350612077599080,DT,FMT100,1132560824,8944477100002171323,,2023-11-16 09:44:00.000000
CITAN 0416,DIESEL,,EW642JM,CITAN 0416,LCV,350612077610416,350612077610416,DT,FMT100,1132560796,8944477100002171307,,2023-11-16 09:57:00.000000
GOLF 8281,DIESEL,,EF053VH,GOLF 8281,PC,350612077178281,350612077178281,DT,FMT100,1132339364,8944477100002171133,,2023-11-16 10:06:00.000000
KAROQ 5899,DIESEL,,FY408AH,KAROQ 5899,PC,350612077175899,350612077175899,DT,FMT100,1132336172,8944477100002171166,,2023-11-16 10:23:00.000000
JUMPY 8307,DIESEL,,GG411EM,JUMPY 8307,LCV,350612077178307,350612077178307,DT,FMT100,1132339369,8944477100002171190,,2023-11-16 10:31:00.000000
MASTER 5907,DIESEL,,DY181EV,MASTER 5907,LCV,350612077175907,350612077175907,DT,FMT100,1132336179,8944477100002171141,,2023-11-16 10:43:00.000000
SPRINTER 5824,DIESEL,,DV441AR,SPRINTER 5824,LCV,350612077175824,350612077175824,DT,FMT100,1132336180,8944477100002171182,,2023-11-16 10:54:00.000000
JUMPY 6350,DIESEL,,GA549SF,JUMPY 6350,LCV,350612078736350,350612078736350,DT,FMT100,1132560437,8944477100002169061,,2023-11-16 11:13:00.000000
BERLINGO 6889,DIESEL,,FZ094LY,BERLINGO 6889,LCV,350612078736889,350612078736889,DT,FMT100,1132560623,8944477100002169087,,2023-11-16 11:20:00.000000
SPRINTER 9207,DIESEL,,GJ634AY,SPRINTER 9207,LCV,350612077579207,350612077579207,DT,FMT100,1132561043,8944477100002171208,,2023-11-16 11:36:00.000000
SPRINTER 9510,DIESEL,,BP041NC,SPRINTER 9510,LCV,350612077599510,350612077599510,DT,FMT100,1132560895,8944477100002171216,,2023-11-16 11:48:00.000000
KANGOO 9420,DIESEL,,EW714CD,KANGOO 9420,LCV,350612077179420,350612077179420,DT,FMT100,1132340595,8944477100002171125,,2023-11-16 11:57:00.000000
5008 9404,DIESEL,,FX385QY,5008 9404,PC,350612077179404,350612077179404,DT,FMT100,1132340585,8944477100002171174,,2023-11-16 12:05:00.000000
SPRINTER 9643,DIESEL,,FH639RJ,SPRINTER 9643,LCV,350612077599643,350612077599643,DT,FMT100,1132560954,8944477100002171315,,2023-11-16 12:19:00.000000
MASTER 9263,DIESEL,,EF561JS,MASTER 9263,LCV,350612077179263,350612077179263,DT,FMT100,1132340618,8944477100002169996,,2023-11-16 13:43:00.000000
CRAFTER 5877,DIESEL,,FX537ZK,CRAFTER 5877,LCV,350612073585877,350612073585877,DT,FMT100,1131769668,8944477100002170101,,2023-11-16 13:55:00.000000
MASTER 3443,DIESEL,,EM239TJ,MASTER 3443,LCV,350612073583443,350612073583443,DT,FMT100,1131769661,8944477100002170143,,2023-11-16 14:02:00.000000
MASTER 9883,DIESEL,,EW319CE,MASTER 9883,LCV,350612077179883,350612077179883,DT,FMT100,1132340067,8944477100002170036,,2023-11-16 14:22:00.000000
CRAFTER 0568,DIESEL,,GJ187DL,CRAFTER 0568,LCV,350612077180568,350612077180568,DT,FMT100,1132340625,8944477100002170127,,2023-11-16 14:41:00.000000
MASTER 7251,DIESEL,,DD603LZ,MASTER 7251,LCV,350612077157251,350612077157251,DT,FMT100,1132339865,8944477100002170044,,2023-11-16 14:51:00.000000
C4 6815,DIESEL,,GL086VP,C4 6815,PC,350612077166815,350612077166815,DT,FMT100,1132340586,8944477100002171000,,2023-11-16 15:00:00.000000
A6 3463,Hybride Gazole,,GA850VG,A6 3463,PC,350612077593463,350612077593463,DT,FMT100,1132560919,8944477100002171018,,2023-11-16 15:11:00.000000
SPRINTER 0633,DIESEL,,FA341JN,SPRINTER 0633,LCV,350317171360633,350317171360633,DT,FMT100,1128485736,8944476400000672087,,2023-11-16 08:31:00.000000
SUPERB 1782,DIESEL,,GN866NW,SUPERB 1782,PC,350612078721782,350612078721782,DT,FMT100,1132560628,8944477100002168261,,2023-11-17 12:41:00.000000
CRAFTER 5980,DIESEL,,EZ296BR,CRAFTER 5980,LCV,350612077175980,350612077175980,DT,FMT100,1132336176,8944477100002171117,,2023-11-17 13:07:00.000000
SPRINTER 1138,DIESEL,,EV849GK,SPRINTER 1138,LCV,350612078731138,350612078731138,DT,FMT100,1132560373,8944477100002168303,,2023-11-17 13:16:00.000000
CRAFTER 7296,DIESEL,,FL841FB,CRAFTER 7296,LCV,350612076887296,350612076887296,DT,FMT100,1132711469,8944477100002164542,,2023-11-17 13:51:00.000000
CRAFTER 8264,DIESEL,,GA164RH,CRAFTER 8264,LCV,350612077598264,350612077598264,DT,FMT100,1132560989,8944477100002171877,,2023-11-17 13:55:00.000000
BOXER 5915,DIESEL,,EJ714PG,BOXER 5915,LCV,350612077175915,350612077175915,DT,FMT100,1132336182,8944477100002171059,,2023-11-17 14:05:00.000000
CRAFTER 5135,DIESEL,,FL482KL,CRAFTER 5135,LCV,350612077605135,350612077605135,DT,FMT100,1132560868,8944477100002172164,,2023-11-17 14:11:00.000000
CRAFTER 7343,DIESEL,,GK722QC,CRAFTER 7343,LCV,350612077157343,350612077157343,DT,FMT100,1132339873,8944477100002169863,,2023-11-17 14:24:00.000000
TRAFIC 9909,DIESEL,,DW623BM,TRAFIC 9909,LCV,350612077179909,350612077179909,DT,FMT100,1132340078,8944477100002169871,,2023-11-17 14:30:00.000000
CRAFTER 9081,DIESEL,,GN545CJ,CRAFTER 9081,LCV,350612077179081,350612077179081,DT,FMT100,1132340612,8944477100002169970,,2023-11-17 14:35:00.000000
CRAFTER 9651,DIESEL,,FL365SD,CRAFTER 9651,LCV,350612077179651,350612077179651,DT,FMT100,1132340072,8944477100002169913,,2023-11-17 14:42:00.000000
CRAFTER 9594,DIESEL,,DJ463TV,CRAFTER 9594,LCV,350612077179594,350612077179594,DT,FMT100,1132339871,8944477100002169921,,2023-11-17 14:48:00.000000
3008 6831,DIESEL,,FV273HB,3008 6831,PC,350612077166831,350612077166831,DT,FMT100,1132339559,8944477100002169939,,2023-11-17 15:03:00.000000
A6 9032,GAZ+ELEC HNR,,GF509HL,A6 9032,PC,350612077179032,350612077179032,DT,FMT100,1132340617,8944477100002170002,,2023-11-17 15:10:00.000000
CRAFTER 8095,DIESEL,,FK460VM,CRAFTER 8095,LCV,350612073588095,350612073588095,DT,FMT100,1131765046,8944477100002171547,,2023-12-05 08:28:00.000000
MASTER 4417,DIESEL,,FW328HL,MASTER 4417,LCV,350612076894417,350612076894417,DT,FMT100,1132559736,8944477100002171554,,2023-12-05 08:42:00.000000
SPRINTER 4664,DIESEL,,DH342NC,SPRINTER 4664,LCV,350612076894664,350612076894664,DT,FMT100,1132559737,8944477100002173279,,2023-12-05 08:51:00.000000
MEGANE 4656,DIESEL,,GP060EM,MEGANE 4656,PC,350612076894656,350612076894656,DT,FMT100,1132559744,8944477100002173261,,2023-12-05 08:58:00.000000
MASTER 0537,DIESEL,,FW239NR,MASTER 0537,LCV,350612076900537,350612076900537,DT,FMT100,1132560258,8944477100002170226,,2023-12-05 09:05:00.000000
MASTER 9499,DIESEL,,FK041XF,MASTER 9499,LCV,350612073589499,350612073589499,DT,FMT100,1131765215,8944477100002173238,,2023-12-05 09:16:00.000000
CRAFTER 8103,DIESEL,,GF294GV,CRAFTER 8103,LCV,350612073588103,350612073588103,DT,FMT100,1131765048,8944477100002173220,,2023-12-05 09:25:00.000000
CRAFTER 4565,DIESEL,,GE519XC,CRAFTER 4565,LCV,350612076894565,350612076894565,DT,FMT100,1132559738,8944477100002173246,,2023-12-05 09:31:00.000000
BERLINGO 0636,DIESEL,,GN733JW,BERLINGO 0636,LCV,350612076900636,350612076900636,DT,FMT100,1132560268,8944477100002170176,,2023-12-05 09:38:00.000000
CLIO 1352,DIESEL,,EZ897ZD,CLIO 1352,PC,350612076901352,350612076901352,DT,FMT100,1132559732,8944477100002171596,,2023-12-05 09:53:00.000000
CADDY 4409,DIESEL,,FB275FV,CADDY 4409,LCV,350612076894409,350612076894409,DT,FMT100,1132559735,8944477100002171604,,2023-12-05 09:59:00.000000
MASTER 7285,DIESEL,,DL270VY,MASTER 7285,LCV,350612077237285,350612077237285,DT,FMT100,1132561040,8944477100002171588,,2023-12-05 10:20:00.000000
2008 8269,DIESEL,,GH174BN,2008 8269,PC,350612073588269,350612073588269,DT,FMT100,1131765052,8944477100002171570,,2023-12-05 10:32:00.000000
308 3328,DIESEL,,GM701KS,308 3328,PC,350612073583328,350612073583328,DT,FMT100,1131769627,8944477100002170168,,2023-12-05 10:40:00.000000
3008 0275,DIESEL,,GM364KS,3008 0275,PC,350612077610275,350612077610275,DT,FMT100,1132560802,8944477100002171471,,2023-12-05 10:47:00.000000
A4 3252,GAZ+ELEC HNR,,GD309NE,A4 3252,PC,350612073583252,350612073583252,DT,FMT100,1131769630,8944477100002173287,,2023-12-05 10:59:00.000000
208 3427,DIESEL,,GK217RC,208 3427,PC,350612073583427,350612073583427,DT,FMT100,1131769636,8944477100002170150,,2023-12-05 11:09:00.000000
Q5 8178,HYBRID,,GC234HY,Q5 8178,PC,350612073588178,350612073588178,DT,FMT100,1131765045,8944477100002171521,,2023-12-05 11:16:00.000000
508 2766,DIESEL,,FX486EB,508 2766,PC,350612073592766,350612073592766,DT,FMT100,1131765059,8944477100002171562,,2023-12-05 11:29:00.000000
CRAFTER 4425,DIESEL,,FN421CH,CRAFTER 4425,LCV,350612076894425,350612076894425,DT,FMT100,1132559730,8944477100002171620,,2023-12-06 08:18:00.000000
CRAFTER 5754,DIESEL,,GR326QG,CRAFTER 5754,LCV,350612075545754,350612075545754,DT,FMT100,1131607687,8944477100002173394,,2023-12-06 08:26:00.000000
CRAFTER 4508,DIESEL,,GF658DR,CRAFTER 4508,LCV,350612076894508,350612076894508,DT,FMT100,1132559734,8944477100002171612,,2023-12-06 08:34:00.000000
CRAFTER 9358,DIESEL,,GF659DR,CRAFTER 9358,LCV,350612073589358,350612073589358,DT,FMT100,1131765221,8944477100002173212,,2023-12-06 08:43:00.000000
CRAFTER 1436,DIESEL,,GC577TP,CRAFTER 1436,LCV,350612076901436,350612076901436,DT,FMT100,1132559731,8944477100002173253,,2023-12-06 08:50:00.000000
CRAFTER 5846,DIESEL,,GJ185DL,CRAFTER 5846,LCV,350612075545846,350612075545846,DT,FMT100,1131607689,8944477100002173402,,2023-12-06 08:57:00.000000
SPRINTER 3377,DIESEL,,EK810AD,SPRINTER 3377,LCV,350612073583377,350612073583377,DT,FMT100,1131769664,8944477100002173386,,2023-12-06 09:14:00.000000
SPRINTER 5838,DIESEL,,CA797RY,SPRINTER 5838,LCV,350612075545838,350612075545838,DT,FMT100,1131607688,8944477100002173345,,2023-12-06 09:24:00.000000
MASTER 9271,DIESEL,,FK987DT,MASTER 9271,LCV,350612077179271,350612077179271,DT,FMT100,1132340620,8944477100002173352,,2023-12-06 09:36:00.000000
MASTER 7840,DIESEL,,DW369EF,MASTER 7840,LCV,350612073587840,350612073587840,DT,FMT100,1131765292,8944477100002170580,,2023-12-06 09:46:00.000000
CRAFTER 7907,DIESEL,,GE524XC,CRAFTER 7907,LCV,350612073587907,350612073587907,DT,FMT100,1131765282,8944477100002170648,,2023-12-06 10:00:00.000000
JUMPY 6312,DIESEL,,GN501LL,JUMPY 6312,LCV,350612073596312,350612073596312,DT,FMT100,1131765332,8944477100002168444,,2023-12-06 10:09:00.000000
208 2923,DIESEL,,FQ958KY,208 2923,PC,350612073592923,350612073592923,DT,FMT100,1131765057,8944477100002173162,,2023-12-06 10:19:00.000000
208 9438,DIESEL,,GF098HJ,208 9438,PC,350612077179438,350612077179438,DT,FMT100,1132340598,8944477100002170598,,2023-12-06 10:26:00.000000
5008 6577,DIESEL,,GF325QV,5008 6577,PC,350612073596577,350612073596577,DT,FMT100,1131765339,8944477100002168451,,2023-12-06 10:35:00.000000
GOLF 9502,DIESEL,,FZ777NE,GOLF 9502,PC,350612077599502,350612077599502,DT,FMT100,1132560888,8944477100002170754,,2023-12-06 10:41:00.000000
CADDY 9270,DIESEL,,EM254RM,CADDY 9270,LCV,350612077599270,350612077599270,DT,FMT100,1132560893,8944477100002170713,,2023-12-06 10:47:00.000000
Q5 5267,HYBRID,,GK330GD,Q5 5267,PC,350612077605267,350612077605267,DT,FMT100,1132560860,8944477100002172230,,2023-12-06 10:54:00.000000
CRAFTER 3012,DIESEL,,FX538ZK,CRAFTER 3012,LCV,350612073593012,350612073593012,DT,FMT100,1131765100,8944477100002168428,,2023-12-06 11:06:00.000000
CRAFTER 9379,DIESEL,,FK459VM,CRAFTER 9379,LCV,350612077599379,350612077599379,DT,FMT100,1132560892,8944477100002172271,,2023-12-06 11:13:00.000000
PARTNER 3281,DIESEL,,GR144YZ,PARTNER 3281,LCV,350612077593281,350612077593281,DT,FMT100,1132560911,8944477100002172248,,2023-12-06 11:20:00.000000
CRAFTER 9494,DIESEL,,EN772QY,CRAFTER 9494,LCV,350612077599494,350612077599494,DT,FMT100,1132560885,8944477100002172263,,2023-12-06 11:29:00.000000
SUPERB 5051,DIESEL,,GL202BL,SUPERB 5051,PC,350612077605051,350612077605051,DT,FMT100,1132560869,8944477100002172255,,2023-12-06 11:43:00.000000
CRAFTER 9731,DIESEL,,GF293GV,CRAFTER 9731,LCV,350612077609731,350612077609731,DT,FMT100,1132560811,8944477100002172180,,2023-12-07 08:14:00.000000
MASTER 3208,DIESEL,,DW917BL,MASTER 3208,LCV,350612077593208,350612077593208,DT,FMT100,1132560906,8944477100002172172,,2023-12-07 08:22:00.000000
SPRINTER 9411,DIESEL,,GC519LF,SPRINTER 9411,LCV,350612077599411,350612077599411,DT,FMT100,1132560886,8944477100002170721,,2023-12-07 08:29:00.000000
CRAFTER 9262,DIESEL,,GE512XC,CRAFTER 9262,LCV,350612077599262,350612077599262,DT,FMT100,1132560890,8944477100002172222,,2023-12-07 08:37:00.000000
JUMPY 5184,DIESEL,,GG279ZT,JUMPY 5184,LCV,350612077605184,350612077605184,DT,FMT100,1132560855,8944477100002172206,,2023-12-07 09:14:00.000000
508 3497,DIESEL,,GB428MM,508 3497,PC,350612077593497,350612077593497,DT,FMT100,1132560929,8944477100002172198,,2023-12-07 09:25:00.000000
XC40 3216,HYBRID,,GR756HS,XC40 3216,PC,350612077593216,350612077593216,DT,FMT100,1132560914,8944477100002170838,,2023-12-08 08:18:00.000000
PASSAT 8025,DIESEL,,GL494CA,PASSAT 8025,PC,350612077598025,350612077598025,DT,FMT100,1132560987,8944477100002170853,,2023-12-08 08:27:00.000000
A6 9288,GAZ+ELEC HNR,,FY176AH,A6 9288,PC,350612077599288,350612077599288,DT,FMT100,1132560894,8944477100002170861,,2023-12-08 08:34:00.000000
DS7 3273,DIESEL,,FY724BD,DS7 3273,PC,350612077593273,350612077593273,DT,FMT100,1132560908,8944477100002170895,,2023-12-08 08:42:00.000000
CRAFTER 5127,DIESEL,,GE516XC,CRAFTER 5127,LCV,350612077605127,350612077605127,DT,FMT100,1132560866,8944477100002170739,,2023-12-08 08:50:00.000000
CRAFTER 3570,DIESEL,,FA766YC,CRAFTER 3570,LCV,350612077593570,350612077593570,DT,FMT100,1132560928,8944477100002170911,,2023-12-08 09:04:00.000000
KANGOO 9007,DIESEL,,GS469JE,KANGOO 9007,LCV,350612077599007,350612077599007,DT,FMT100,1132560819,8944477100002170762,,2023-12-08 09:10:00.000000
CRAFTER 9429,DIESEL,,GL593XT,CRAFTER 9429,LCV,350612077599429,350612077599429,DT,FMT100,1132560889,8944477100002170747,,2023-12-08 09:15:00.000000
BOXER 9574,DIESEL,,GG156AE,BOXER 9574,LCV,350612077609574,350612077609574,DT,FMT100,1132560795,8944477100002170846,,2023-12-08 09:24:00.000000
SPRINTER 3299,DIESEL,,EK666PF,SPRINTER 3299,LCV,350612077593299,350612077593299,DT,FMT100,1132560913,8944477100002172214,,2023-12-08 09:38:00.000000
MASTER 6061,DIESEL,,DJ331QS,MASTER 6061,LCV,350612077176061,350612077176061,DT,FMT100,1132336178,8944477100002170655,,2023-12-08 09:46:00.000000
C4 8054,DIESEL,,GM653VH,C4 8054,PC,350612077208054,350612077208054,DT,FMT100,1132561644,8944477100002171281,,2023-12-08 09:52:00.000000
PASSAT 0776,DIESEL,,GL912AY,PASSAT 0776,PC,350612076900776,350612076900776,DT,FMT100,1132560261,8944477100002170283,,2024-01-08 09:28:00.000000
CRAFTER 0203,DIESEL,,GB377SX,CRAFTER 0203,LCV,350612075520203,350612075520203,DT,FMT100,1131614324,8944477100002169228,,2024-01-08 09:48:00.000000
CRAFTER 2480,DIESEL,,EV194FL,CRAFTER 2480,LCV,350612075522480,350612075522480,DT,FMT100,1131612682,8944477100002169186,,2024-01-08 10:10:00.000000
CRAFTER 5994,DIESEL,,EV089FL,CRAFTER 5994,LCV,350612075545994,350612075545994,DT,FMT100,1131607691,8944477100002169327,,2024-01-08 10:32:00.000000
CRAFTER 3229,DIESEL,,GR014RJ,CRAFTER 3229,LCV,350612073583229,350612073583229,DT,FMT100,1131769662,8944477100002169293,,2024-01-08 10:49:00.000000
CRAFTER 5794,DIESEL,,FP170TZ,CRAFTER 5794,LCV,350612073585794,350612073585794,DT,FMT100,1131769669,8944477100002169285,,2024-01-08 11:05:00.000000
PARTNER 6095,DIESEL,,FJ159RX,PARTNER 6095,LCV,350612078736095,350612078736095,DT,FMT100,1132560197,8944477100002167461,,2024-01-08 11:49:00.000000
PARTNER 1691,DIESEL,,GQ904WQ,PARTNER 1691,LCV,350612078721691,350612078721691,DT,FMT100,1132560626,8944477100002167479,,2024-01-08 12:06:00.000000
BERLINGO 9994,DIESEL,,FY071DJ,BERLINGO 9994,LCV,350612075499994,350612075499994,DT,FMT100,1131589142,8944477100002167529,,2024-01-08 12:23:00.000000
PARTNER 5964,DIESEL,,EV192FM,PARTNER 5964,LCV,350612078735964,350612078735964,DT,FMT100,1132560205,8944477100002167537,,2024-01-08 13:05:00.000000
MASTER 7832,DIESEL,,GS210ZZ,MASTER 7832,LCV,350612073587832,350612073587832,DT,FMT100,1131765290,8944477100002171273,,2024-01-09 12:00:00.000000
CRAFTER 9354,DIESEL,,GS280SA,CRAFTER 9354,LCV,350612077179354,350612077179354,DT,FMT100,1132340592,8944477100002171158,,2024-01-09 12:00:00.000000
MASTER 0685,DIESEL,,DW002CD,MASTER 0685,LCV,350612076900685,350612076900685,DT,FMT100,1132560255,8944477100002171075,,2024-01-09 12:00:00.000000
CRAFTER 6411,DIESEL,,GS680XZ,CRAFTER 6411,LCV,350612073596411,350612073596411,DT,FMT100,1131765341,8944477100002168709,,2024-01-09 12:00:00.000000
MASTER 6569,DIESEL,,GS188ZZ,MASTER 6569,LCV,350612073596569,350612073596569,DT,FMT100,1131765337,8944477100002168691,,2024-01-09 12:00:00.000000
NT400 9577,DIESEL,,DV968WN,NT400 9577,OGV1,350612077599577,350612077599577,DT,FMT100,1132560957,8944477100002170960,,2024-01-24 12:00:00.000000
PARTNER 6335,DIESEL,,GG919XJ,PARTNER 6335,LCV,350612078736335,350612078736335,DT,FMT100,1132560761,8944477100002170234,,2024-01-24 12:00:00.000000
SPRINTER 9032,DIESEL,,FJ982RA,SPRINTER 9032,LCV,350612078739032,350612078739032,DT,FMT100,1132560754,8944477100002170218,,2024-01-30 12:00:00.000000
SPRINTER 6079,DIESEL,,EB435BM,SPRINTER 6079,LCV,350612077176079,350612077176079,DT,FMT100,1132336186,8944477100002171026,,2024-01-24 12:00:00.000000
