-- liquibase formatted sql

-- changeset smarty_plan:14 context:dev, prod

-- Insert Teams
insert into public.team (id, label, parent_id, category_id, path)
values  (61, 'NM - Le Havre', null, 1, null),
        (62, 'NM - Saint-Lô', null, 1, null),
        (63, 'NM - Evreux', null, 1, null),
        (64, 'NM - Rouen', null, 1, null),
        (65, 'NM - Caen', null, 1, null),
        (66, 'NM - Dieppe', null, 1, null),
        (67, 'NM - Alençon', null, 1, null),
        (68, 'LCD', null, 1, null),
        (69, 'Equipe BONNET', 61, 2, null),
        (70, 'Equipe BOUCHER', 61, 2, null),
        (71, 'Equipe GOUPIL', 61, 2, null),
        (72, 'EQUIPE FRISCH', 62, 2, null),
        (73, 'Equipe HELWIG', 63, 2, null),
        (74, 'VGP', 63, 2, null),
        (75, 'Equipe HEMART', 64, 2, null),
        (76, 'Equipe MURLIN', 64, 2, null),
        (77, 'Equipe PETIT', 64, 2, null),
        (78, 'Equipe LAFONTAINE', 65, 2, null),
        (79, 'Equipe MULET', 65, 2, null),
        (80, 'Equipe ROYER', 65, 2, null),
        (81, 'VGP', 65, 2, null),
        (82, 'EQUIPE PETIT N', 66, 2, null);

-- Insert driver
insert into public.driver (id, first_name, last_name, phone_number)
values  (83, 'MATTHIEU', 'SUARD', '0675254310'),
        (84, 'ANTHONY', 'LEMIERE', '0603421021'),
        (85, 'GAYLOR', 'DELAUNAY', '0611832728'),
        (86, 'PAUL', 'FOLLIOT', '0688195660'),
        (87, 'STEVE', 'ROUSSEAU', '0637774419'),
        (88, 'FRANCK', 'CROCHEMORE', '0616678121'),
        (89, 'ALLAN', 'ROBIN', '0603421039'),
        (90, 'FREDERIC', 'DELAHAIS', '0603421387'),
        (91, 'JORDAN', 'ILIN1', '0612468603'),
        (92, 'ANTOINE', 'RIGOULT1', '0622925259'),
        (93, 'CLEMENT', 'HEBERT1', '0603215447'),
        (94, 'CLEMENT', 'HEBERT2', '0603215447'),
        (95, 'TEDDY', 'CARON', null),
        (96, 'SIMON', 'MORISSE', '0698041381'),
        (97, 'GAETAN', 'COLOMBEL', '0674991552'),
        (98, 'JORDAN', 'ILIN2', '0612468603'),
        (99, 'MOHAMED', 'AOUNALLAH', '0622356785'),
        (100, 'ANTOINE', 'RIGOULT2', '0622925259'),
        (101, 'CHRISTIAN', 'CADET', '0683669307'),
        (102, 'MATTHIEU', 'LAVARDE', '0603421024'),
        (103, 'PASCAL', 'CAILLET', '0620653641'),
        (104, 'THOMAS', 'STELL', '0698511302'),
        (105, 'FLORIAN', 'BREARD', '0761535096'),
        (106, 'ROBIN', 'FOUGERES', '0788142765'),
        (107, 'BENJAMIN', 'GARLAN', '0603236576'),
        (108, 'THIERRY', 'QUEVILLY', '0603421020'),
        (109, 'JEROME', 'LECONTE', '0618079218'),
        (110, 'CLEMENT', 'MARECHAL', '0675252074'),
        (111, 'JEAN CHRISTOPHE', 'DERYCKE', '0612222637'),
        (112, 'CLEMENT', 'TEINTURIER', '0674990726'),
        (113, 'SEBASTIEN', 'CATEZ', '0603917086'),
        (114, 'JONATHAN', 'SAELEN', '0612468581'),
        (115, 'NICOLAS', 'HENRI', '0603245159'),
        (116, 'THOMAS', 'BLIN', '0603421016'),
        (117, 'ANTHONY', 'BOURGEOIS', '0649815084'),
        (118, 'STEVEN', 'HAMELET', '0603421394'),
        (119, 'MICHAEL', 'POULAIN', '0615124510'),
        (120, 'REMI', 'GALMICHE', '0684554831'),
        (121, 'BENJAMIN', 'SERGENT', '0698040971'),
        (122, 'GUILLAUME', 'GUEDES', '0688165660'),
        (123, 'JONATHAN', 'SOUILLARD', '0671832289'),
        (124, 'CHRISTOPHE', 'DESSENE C', '0631923465'),
        (125, 'GUILLAUME', 'VALMONT', '0681580128'),
        (126, 'CYRIL', 'THIBAULT', '0622962567'),
        (127, 'KEVIN', 'PLANTEC', '0603421033'),
        (128, 'MATHEO', 'PIQUET', '0603421414'),
        (129, 'MARVIN', 'SEBIRE', '0638996285'),
        (130, 'JEREMY', 'BALLEROY', '0681531790'),
        (131, 'AUBERT', 'MALANDA NTOTO', '0675063479'),
        (132, 'KEVIN', 'HEBERT', '0603215447'),
        (133, 'JEAN-SEBASTIEN', 'VANNUFFEL', '0603917084'),
        (134, 'ANTHONY', 'GERMAIN', '0603421037'),
        (135, 'FREDERIC', 'BOELLET', '0603421325'),
        (136, 'BENJAMIN', 'BOCQUET', '0681531584'),
        (137, 'DAVID', 'DURIEU', null),
        (138, 'STEPHANE', 'RAFFIN PEYLOZ', '0612468621'),
        (139, 'OLIVIER', 'DEUET', '0681532167'),
        (140, 'MICKAEL', 'CARPENTIER', '0637804999'),
        (141, 'GUILLAUME', 'BEAUFILS', '0632585206'),
        (142, 'GUILLAUME', 'HERTOUX', '0670684400'),
        (143, 'BENOIT', 'MOUQUET', '0632300294'),
        (144, 'SILEMANE', 'SIDIBE', '0685512382'),
        (145, 'AXEL', 'COLLARD', '0603421023'),
        (146, 'PASCAL', 'SOULET', '0603421040'),
        (147, 'THOMAS', 'LESUEUR', '0603421028'),
        (148, 'FABRICE', 'BOURGES', '0681532118'),
        (149, 'THIBAUT', 'MAHEUT', '0677385771'),
        (150, 'PASCAL', 'LEVASSEUR', '0614673036'),
        (151, 'JOAN', 'LIMARE', '0615076537'),
        (152, 'SAMUEL', 'LEBAILLIF', '0603421038'),
        (153, 'LUDOVIC', 'PICHARD', '0631299693'),
        (154, 'GUILLAUME', 'BISSON', '0625552100'),
        (155, 'MICKAEL', 'MENANT', '0762855781'),
        (156, 'CHRISTOPHE', 'ENIE', '0603421454'),
        (157, 'KEVIN', 'ROBINE', '0603421481'),
        (158, 'DENIS', 'GRIN', '0603421416'),
        (159, 'ISABELLE', 'MAUTREF', '0788894785'),
        (160, 'ARNAUD', 'DESLANDES', '0649428038'),
        (161, 'BLANDINE', 'GIRAUD', '0785143387'),
        (162, 'ADELINE', 'COMBALBERT', '0762885918'),
        (163, 'JEAN BAPTISTE', 'BUNEL', '0612045597'),
        (164, 'MAXIMILIEN', 'CLIPET', '0603421027'),
        (165, 'JEAN CHARLES', 'DUPIRE', '0621523173'),
        (166, 'SYLVAIN', 'ROYER', null),
        (167, 'YOANN', 'DIOT', '0603421510'),
        (168, 'FREDERIC', 'LAFONTAINE', '0625269026'),
        (169, 'NICOLAS', 'PETIT', '0622948230'),
        (170, 'ANTOINE', 'RIOU', '0612576507'),
        (171, 'PIERRE', 'LELOUARD', '0670565024'),
        (172, 'JULIEN', 'HELWIG', '0603421036'),
        (173, 'BENOIT', 'MASSERON', '0607910245'),
        (174, 'NICOLAS', 'BATY', '0603215448'),
        (175, 'QUENTIN', 'YON', '0630289548'),
        (176, 'GREGORY', 'LAVENU', '0603917092'),
        (177, 'BRUNO', 'THOUVARECQ', '0676924373'),
        (178, 'THIERRY', 'DESPRUNIERS', '0625552102'),
        (179, 'PIERRICK', 'LECREUX', '0622295468'),
        (180, 'ERWAN', 'CORBIERE', '0640656450'),
        (181, 'BAPTISTE', 'GOUPIL', '0642651998'),
        (182, 'YANN', 'BONNET', '0620635307'),
        (183, 'JESSICA', 'COELHO', '0622947507'),
        (184, 'JORIS', 'LEROUY', '0622948231'),
        (185, 'CEDRIC', 'FOLLIOT', '0688195660'),
        (186, 'MICKAEL', 'CARLE', '0622520776'),
        (187, 'PASCAL', 'MIREBEAU', '0603917095'),
        (188, 'DALI', 'BEN CHABANE', '0603421018'),
        (189, 'MATHIEU', 'DEFECQUE', '0615908141'),
        (190, 'DAVID', 'ERNOULT', '0615908140'),
        (191, 'ROMAIN', 'HERRY', '0622958361'),
        (192, 'CYRIL', 'AVENEL', '0612468607'),
        (193, 'MARINA', 'DELETTRE', '0618407707'),
        (194, 'VALERIE', 'BLONDEL', null),
        (195, 'PHILIPPE', 'MULOT', '0603421390'),
        (196, 'SEBASTIEN', 'BETILLE', null),
        (197, 'STANISLAS', 'CADOT', '0648135963'),
        (198, 'CARINE', 'COLLETTE', '0683322317'),
        (199, 'VALERIE', 'DELBEKE', '0671028553'),
        (200, 'SONIA', 'DUBES', '0609881024'),
        (201, 'RUDY', 'LECOURTOIS', '0679077696'),
        (202, 'LUDOVIC', 'BROCARD', '0647822970'),
        (203, 'PAUL', 'MATURA', '0675921789'),
        (204, 'NADIA', 'BAZILLE', '0786080674'),
        (205, 'TEDDY', 'HEMART', '0760611535'),
        (206, 'DOMINIQUE', 'PETIT', '0622948230'),
        (207, 'ALEXANDRE', 'MOCHET', '0603421459'),
        (208, 'SEBASTIEN', 'MURLIN', '0603421019'),
        (209, 'LAURENT', 'GODON', '0609498951'),
        (210, 'MARIO', 'PIEL', '0615908942'),
        (211, 'LAURENT', 'LAFORGE', '0623452337'),
        (212, 'PHILIPPE', 'DOBICHE', '0668696702'),
        (213, 'MATHIEU', 'FRISCH', '0649184575');

-- Insert vehicle

insert into public.vehicle (id, energy, engine, externalid, licenseplate, category_id, validated)
values  ('05116c8f-ccc9-417c-af06-f594f445da57', 'DIESEL', null, 'DD603LZ', 'DD603LZ', 1, false),
        ('d54c1c69-dc61-4312-9930-d34432c6bf99', 'DIESEL', null, 'DV441AR', 'DV441AR', 1, false),
        ('f2b4e327-06b8-484c-b7c8-70d7ac9e35f5', 'DIESEL', null, 'DY181EV', 'DY181EV', 1, false),
        ('cbbd2920-4116-4b95-afb2-212c114cd174', 'DIESEL', null, 'EF561JS', 'EF561JS', 1, false),
        ('3abbc58a-eafb-4d6b-aa3a-d5c895d4cab4', 'DIESEL', null, 'EM239TJ', 'EM239TJ', 1, false),
        ('92e3f1f1-c60a-46dd-a15d-9aed25444fc6', 'DIESEL', null, 'EP144CE', 'EP144CE', 1, false),
        ('1cfc4d07-1842-4d08-ac18-acb6d03dd58f', 'DIESEL', null, 'FA341JN', 'FA341JN', 1, false),
        ('42b9909e-7305-4cfb-858e-0aa8425c7314', 'DIESEL', null, 'FH639RJ', 'FH639RJ', 1, false),
        ('17efd980-519f-4ef8-b0b0-448c9b44f7c3', 'DIESEL', null, 'BP041NC', 'BP041NC', 1, false),
        ('49478be8-b705-45c8-bd7d-7f6f25880b96', 'DIESEL', null, 'DV354PX', 'DV354PX', 1, false),
        ('eb734f5b-cbbe-4a3a-adaf-dba2a5bf311c', 'DIESEL', null, 'DW002CD', 'DW002CD', 1, false),
        ('1aff29d2-feba-42d3-bbb8-f0cb9afb93c1', 'DIESEL', null, 'DW802RK', 'DW802RK', 1, false),
        ('f1383258-5424-49bf-906d-806107bbf77e', 'DIESEL', null, 'EB435BM', 'EB435BM', 1, false),
        ('a4dec3f3-7f35-4573-9c91-a9ae53a05b2c', 'DIESEL', null, 'FH247KR', 'FH247KR', 1, false),
        ('45624b66-ec30-43c7-beb0-e4adc6020695', 'DIESEL', null, 'FW341JD', 'FW341JD', 1, false),
        ('38c5395b-4a3e-439d-8d36-48a470b146ff', 'DIESEL', null, 'GJ634AY', 'GJ634AY', 1, false),
        ('681569de-69f4-477a-9f68-a68bef506596', 'DIESEL', null, 'GL496CA', 'GL496CA', 1, false),
        ('ebcd3376-f81f-4c7d-8e27-7dfc36ee16d5', 'DIESEL', null, 'GS680XZ', 'GS680XZ', 1, false),
        ('f312b289-e0d7-4705-812a-d999c9f59afa', 'DIESEL', null, 'DJ463TV', 'DJ463TV', 1, false),
        ('15882d67-7c95-4300-b48c-9e42a4d99de4', 'DIESEL', null, 'EV089FL', 'EV089FL', 1, false),
        ('8b94072a-d92c-4d8d-af53-bbbd47522a98', 'DIESEL', null, 'EV194FL', 'EV194FL', 1, false),
        ('3748d650-b2ca-4dca-9548-7dee23ea80a2', 'DIESEL', null, 'FP170TZ', 'FP170TZ', 1, false),
        ('c60c8ad6-0a09-409f-92ac-418baae30f9b', 'DIESEL', null, 'GB377SX', 'GB377SX', 1, false),
        ('14630512-4b84-40f7-8f0b-112474152858', 'DIESEL', null, 'GR014RJ', 'GR014RJ', 1, false),
        ('6f1e8d4e-e122-4eb2-8684-14d1289a372f', 'DIESEL', null, 'EM720SQ', 'EM720SQ', 1, false),
        ('789f1896-2182-4936-923d-d3d31fe6c41c', 'DIESEL', null, 'EW319CE', 'EW319CE', 1, false),
        ('d600efa4-b42d-479f-8b19-784d3b679e23', 'DIESEL', null, 'FX537ZK', 'FX537ZK', 1, false),
        ('7aca718c-4c4c-45ab-9189-c8236572089d', 'DIESEL', null, 'GJ187DL', 'GJ187DL', 1, false),
        ('8fc64311-6d53-4a28-90dd-23d1997ac303', 'DIESEL', null, 'FE768DB', 'FE768DB', 1, false),
        ('5475b344-46d7-447c-97fb-076037d09c0b', 'DIESEL', null, 'GJ592AY', 'GJ592AY', 1, false),
        ('845185a9-4741-4e35-97f8-8d5ceaec05a4', 'DIESEL', null, 'GJ673AY', 'GJ673AY', 1, false),
        ('bdb98cf8-dce3-4e7c-8c40-429df002d8ba', 'DIESEL', null, 'GL105QV', 'GL105QV', 1, false),
        ('57e31551-66e3-4e63-adee-2b3c1cdc09cc', 'DIESEL', null, 'GP816DV', 'GP816DV', 1, false),
        ('72153460-7873-4a7b-bd33-dc5adb4f62c9', 'DIESEL', null, 'GP929EQ', 'GP929EQ', 1, false),
        ('327a8ac8-2cd8-4871-bc7c-0c79f6d696da', 'DIESEL', null, 'GS188ZZ', 'GS188ZZ', 1, false),
        ('4b8b3474-d8cf-4f40-8bdf-d845c6e850b1', 'DIESEL', null, 'GS210ZZ', 'GS210ZZ', 1, false),
        ('1c5c5d45-86e1-4570-9f7a-3976d286907d', 'DIESEL', null, 'GS280SA', 'GS280SA', 1, false),
        ('1097cdd3-62a3-45d1-bc07-8e56e88255eb', 'DIESEL', null, 'DW369EF', 'DW369EF', 1, false),
        ('2d58392c-98b4-41c0-a898-fde962edc515', 'DIESEL', null, 'FK987DT', 'FK987DT', 1, false),
        ('b7e00f62-674d-4b69-bb62-c934041c3d07', 'DIESEL', null, 'FN421CH', 'FN421CH', 1, false),
        ('4a6ed75b-ecc8-4e22-b928-3e0a0a9c1211', 'DIESEL', null, 'GC577TP', 'GC577TP', 1, false),
        ('bedf1bd0-c94f-4260-aa2a-d1ba77da8c81', 'DIESEL', null, 'GE524XC', 'GE524XC', 1, false),
        ('62e439eb-4043-427c-af25-9ddeb22f6a69', 'DIESEL', null, 'GF658DR', 'GF658DR', 1, false),
        ('9b5fa039-eb9c-435c-85f6-ac00f473f982', 'DIESEL', null, 'GF659DR', 'GF659DR', 1, false),
        ('c9897e19-96c0-47ee-beef-e79fa91e965e', 'DIESEL', null, 'GJ185DL', 'GJ185DL', 1, false),
        ('e12b2f23-c857-436d-b504-40205ab9b707', 'DIESEL', null, 'FL365SD', 'FL365SD', 1, false),
        ('3b275b8a-8375-4963-814d-64938a8c7c59', 'DIESEL', null, 'FL841FB', 'FL841FB', 1, false),
        ('6ffc077f-2ed0-49b9-a526-0ad0156e3732', 'DIESEL', null, 'GN545CJ', 'GN545CJ', 1, false),
        ('c48f7e46-3f08-4c8e-bcb0-a8943d41c2d6', 'DIESEL', null, 'DH276KS', 'DH276KS', 2, false),
        ('1b404e44-711e-41a6-9171-6e8b3578e642', 'DIESEL', null, 'DW623BM', 'DW623BM', 1, false),
        ('266fc647-102a-47f9-97cd-48c8eddfedce', 'DIESEL', null, 'ED514XS', 'ED514XS', 1, false),
        ('27c1618e-7cbe-4bed-946a-2a3b2f6a284a', 'DIESEL', null, 'EV192FM', 'EV192FM', 1, false),
        ('f33485fe-a7d3-4805-adb7-44fbc6771bb2', 'DIESEL', null, 'EZ296BR', 'EZ296BR', 1, false),
        ('5ab45ab4-61f3-4dc1-ba5d-e14ad6254534', 'DIESEL', null, 'DJ331QS', 'DJ331QS', 1, false),
        ('794d8524-074f-4986-b4b4-8b6b51b5ef8b', 'DIESEL', null, 'EK666PF', 'EK666PF', 1, false),
        ('2a83cd51-25fe-488d-9b28-8e011fd6ac5c', 'DIESEL', null, 'EN772QY', 'EN772QY', 1, false),
        ('a311122c-77e3-41a5-8b21-037fd4ef6dc2', 'DIESEL', null, 'FA766YC', 'FA766YC', 1, false),
        ('acaba20e-1846-4d29-9a70-aeb7e1eb6d59', 'DIESEL', null, 'FJ982RA', 'FJ982RA', 1, false),
        ('1938dc21-8252-4ba8-9fba-4c1ff2039db5', 'DIESEL', null, 'FK459VM', 'FK459VM', 1, false),
        ('a0f41627-eb2a-4880-afe3-c721b642b0ed', 'DIESEL', null, 'FX538ZK', 'FX538ZK', 1, false),
        ('8c6bfa95-5ed4-4985-bcec-78390194ad0a', 'DIESEL', null, 'GE516XC', 'GE516XC', 1, false),
        ('3070a186-d72e-4427-a63e-8b544565fb20', 'DIESEL', null, 'GG156AE', 'GG156AE', 1, false),
        ('d36ce1f2-41b0-4dea-a408-a900792574a1', 'DIESEL', null, 'GL593XT', 'GL593XT', 1, false),
        ('90bbe338-d5f5-4ffa-b35d-2f5cc09697b9', 'DIESEL', null, 'DH342NC', 'DH342NC', 1, false),
        ('dce47e4e-36a9-4cb1-9cd9-a17d5791c8de', 'DIESEL', null, 'DL270VY', 'DL270VY', 1, false),
        ('39b4ada0-2855-497f-a4e6-5e19b4f6105a', 'DIESEL', null, 'FK041XF', 'FK041XF', 1, false),
        ('a22af671-f81f-4788-85ae-fa4b0bca75fb', 'DIESEL', null, 'FK460VM', 'FK460VM', 1, false),
        ('6c29c7d2-5ca5-400e-b296-00e40a6b485d', 'DIESEL', null, 'FW239NR', 'FW239NR', 1, false),
        ('09695fce-1ec1-43ef-827c-5e5998fa03d8', 'DIESEL', null, 'FW328HL', 'FW328HL', 1, false),
        ('c41ac631-d8d2-41d0-9a23-db1bd4152b3c', 'DIESEL', null, 'GE519XC', 'GE519XC', 1, false),
        ('ae18a2a4-cb95-43eb-9797-06e0307f1c37', 'DIESEL', null, 'GF294GV', 'GF294GV', 1, false),
        ('bc5a4323-9f70-4b77-9151-52ef53879070', 'DIESEL', null, 'GC519LF', 'GC519LF', 1, false),
        ('148ea1d8-9eda-43aa-b669-9d4265a1818f', 'DIESEL', null, 'GE512XC', 'GE512XC', 1, false),
        ('8186d18a-7276-4dba-aa00-130c7278bdc8', 'DIESEL', null, 'GF293GV', 'GF293GV', 1, false),
        ('4332dba7-b588-4110-8601-5639c0bd8e5d', 'DIESEL', null, 'EJ714PG', 'EJ714PG', 1, false),
        ('c7dd6cc0-09ed-43dc-85a3-aecbf490fe7d', 'DIESEL', null, 'EV849GK', 'EV849GK', 1, false),
        ('05c34b3c-17c8-4128-82cc-200a8c798128', 'DIESEL', null, 'FL482KL', 'FL482KL', 1, false),
        ('e2090efd-cdc4-4b2f-91d2-2177f08ab830', 'DIESEL', null, 'GA164RH', 'GA164RH', 1, false),
        ('42e9593d-548d-4185-882d-b7d9027346af', 'DIESEL', null, 'GK722QC', 'GK722QC', 1, false),
        ('e277c102-994a-48f7-882b-e8cfe694e9c9', 'DIESEL', null, 'GR326QG', 'GR326QG', 1, false),
        ('fd5df8b8-b874-479e-b4d5-f1690aeb8913', 'DIESEL', null, 'GM546RQ', 'GM546RQ', 1, false),
        ('f890d612-fe47-4ade-bc9f-7eb5eeb960ce', 'DIESEL', null, 'FM633JE', 'FM633JE', 1, false),
        ('9ae1a315-04aa-4729-be5c-ada03cf992b6', 'DIESEL', null, 'GM364KS', 'GM364KS', 2, false),
        ('851085e2-0196-4b24-a893-d3580e36fbed', 'DIESEL', null, 'FV273HB', 'FV273HB', 2, false),
        ('f4b40c40-70f3-41c9-9a93-9f38a6d33800', 'DIESEL', null, 'GB119TT', 'GB119TT', 2, false),
        ('11c12d7e-7abd-441e-90d2-590f0a0bb8c8', 'GAZ+ELEC HNR', null, 'GF509HL', 'GF509HL', 2, false),
        ('ca4c3954-d7f6-4960-bff7-62028adaf80b', 'DIESEL', null, 'GL912AY', 'GL912AY', 2, false),
        ('8b3d96f5-e20d-4b44-bbd3-f72eb70eb5c3', 'DIESEL', null, 'GN866NW', 'GN866NW', 2, false),
        ('626b51c0-1c28-4feb-ba9f-972382515f02', 'DIESEL', null, 'GN994WX', 'GN994WX', 1, false),
        ('1da1b7bf-6f1c-4026-8dac-a0ab7bf9f347', 'DIESEL', null, 'GQ068WR', 'GQ068WR', 1, false),
        ('b9976a18-420c-4147-993a-a221c8ca7ab1', 'DIESEL', null, 'GQ970WQ', 'GQ970WQ', 1, false),
        ('18a86f20-7c81-4706-bd1d-b364266c97de', 'DIESEL', null, 'DW917BL', 'DW917BL', 1, false),
        ('cafc0bed-03bf-4aef-a7f6-b327f790e9e2', 'DIESEL', null, 'GG279ZT', 'GG279ZT', 1, false),
        ('ec810513-0868-4ef0-8db1-4945838d9d12', 'DIESEL', null, 'FB693VV', 'FB693VV', 3, false),
        ('8a2723f5-cb0f-4b8c-b975-76bf66b96980', 'DIESEL', null, 'FS512XH', 'FS512XH', 2, false),
        ('7ab48346-ec27-43ce-954c-2cf981753fdf', 'DIESEL', null, 'FW630FB', 'FW630FB', 1, false),
        ('a80540bf-2126-4387-869c-3de0b46bdbbf', 'GAZ+ELEC HNR', null, 'FY175AH', 'FY175AH', 2, false),
        ('01c102ac-bc56-47b3-8deb-542a89af2747', 'DIESEL', null, 'FY865CG', 'FY865CG', 1, false),
        ('cf2f878d-71d8-4a5f-994e-93fcb5055fa7', 'DIESEL', null, 'GH657MW', 'GH657MW', 2, false),
        ('b6fc42ff-3eef-4001-b69c-e4e05798a053', 'DIESEL', null, 'GG411EM', 'GG411EM', 1, false),
        ('98ef22d0-afbd-4e13-9370-b4869afccb25', 'DIESEL', null, 'DV968WN', 'DV968WN', 3, false),
        ('8c30ebf0-b0a6-4ab4-b256-9a838d6b0af8', 'DIESEL', null, 'EF053VH', 'EF053VH', 2, false),
        ('dbd89c50-1e59-4cc8-97eb-e9c6afcff01e', 'DIESEL', null, 'EW642JM', 'EW642JM', 1, false),
        ('53866bd6-f8c3-4abb-9452-480ba271aafb', 'DIESEL', null, 'EW714CD', 'EW714CD', 1, false),
        ('ab3fd93f-4db8-4ed7-b94a-531ec85dade9', 'DIESEL', null, 'FX385QY', 'FX385QY', 2, false),
        ('222096de-cfe7-465e-a1cd-fb4be68db843', 'DIESEL', null, 'FY408AH', 'FY408AH', 2, false),
        ('8fb41f93-9d04-47c4-b09e-b440d42d3ff5', 'DIESEL', null, 'FZ094LY', 'FZ094LY', 1, false),
        ('4777fdf9-6969-4a80-8704-e47a6222c019', 'DIESEL', null, 'GA549SF', 'GA549SF', 1, false),
        ('0c96a42c-d79b-402d-9ad3-c7c95d0f2da9', 'Hybride Gazole', null, 'GA850VG', 'GA850VG', 2, false),
        ('e32cd1fb-8e93-4f26-ab90-1d11f1b90cc4', 'DIESEL', null, 'GL086VP', 'GL086VP', 2, false),
        ('aad3baaa-f947-4d1f-9847-c8f2c5b4dfe2', 'DIESEL', null, 'EZ897ZD', 'EZ897ZD', 2, false),
        ('99990d18-f654-4f6e-acc1-50713d16ec3f', 'DIESEL', null, 'CA797RY', 'CA797RY', 1, false),
        ('382bfb7a-f826-432b-bbd4-762d6c822ad9', 'DIESEL', null, 'EK810AD', 'EK810AD', 1, false),
        ('f1371b59-1b70-43ca-9c83-4789a5a50cf1', 'DIESEL', null, 'EM254RM', 'EM254RM', 1, false),
        ('ed9f165b-1f75-4565-b0cd-9a4d96e5562f', 'DIESEL', null, 'FB275FV', 'FB275FV', 1, false),
        ('643e06bd-65a9-412f-9f0f-9a6932739d11', 'DIESEL', null, 'FQ958KY', 'FQ958KY', 2, false),
        ('6295cb9e-cc24-4067-be9e-eea792a9ffc9', 'DIESEL', null, 'FX486EB', 'FX486EB', 2, false),
        ('7759b102-4350-4362-8eb3-12448ccd990f', 'GAZ+ELEC HNR', null, 'FY176AH', 'FY176AH', 2, false),
        ('439be5ff-b2f4-4281-b498-75321b16383e', 'DIESEL', null, 'FY724BD', 'FY724BD', 2, false),
        ('75cfc3e2-309a-4773-be1d-6bbe1b7c91b0', 'DIESEL', null, 'FZ777NE', 'FZ777NE', 2, false),
        ('e809adc5-3aa0-4b11-8781-88915e279210', 'DIESEL', null, 'GB428MM', 'GB428MM', 2, false),
        ('34934dcd-92c7-4d4f-89dc-7542dbc6461f', 'HYBRID', null, 'GC234HY', 'GC234HY', 2, false),
        ('3a1fb3cc-9655-4bd9-a750-f0f80ff44a3d', 'GAZ+ELEC HNR', null, 'GD309NE', 'GD309NE', 2, false),
        ('c6960be4-897c-41b7-af78-336667ece6f2', 'DIESEL', null, 'GF098HJ', 'GF098HJ', 2, false),
        ('3ec3f87d-ead5-4c61-8b31-3a2634d7d077', 'DIESEL', null, 'GF325QV', 'GF325QV', 2, false),
        ('a6d9ea98-4fc4-4d77-9ffe-c4c46fdef28a', 'DIESEL', null, 'GG919XJ', 'GG919XJ', 1, false),
        ('b1f2f40c-3092-4d72-a81e-c9bdb5bdf163', 'DIESEL', null, 'GH174BN', 'GH174BN', 2, false),
        ('858e9b53-429f-474e-8448-82b10a39e0d4', 'DIESEL', null, 'GK217RC', 'GK217RC', 2, false),
        ('db669ce4-45a0-40be-a20c-af7591126421', 'HYBRID', null, 'GK330GD', 'GK330GD', 2, false),
        ('f535bced-2736-4c30-a20a-ba83a0e98685', 'DIESEL', null, 'GL202BL', 'GL202BL', 2, false),
        ('03779696-f25b-4a3f-8e4d-b0c318be9c40', 'DIESEL', null, 'GL494CA', 'GL494CA', 2, false),
        ('065e7d7b-cc08-4a3f-bb7e-a50f8d5e35e6', 'DIESEL', null, 'GM653VH', 'GM653VH', 2, false),
        ('662bc258-a112-4ac9-9c8d-80e6aad9eef4', 'DIESEL', null, 'GM701KS', 'GM701KS', 2, false),
        ('87cf64fd-925d-4b6c-8fc5-d1b7a1a36ad9', 'DIESEL', null, 'GN501LL', 'GN501LL', 1, false),
        ('e83e2983-b515-43b1-a66f-7c958719e5e1', 'DIESEL', null, 'GN733JW', 'GN733JW', 1, false),
        ('2c75edd1-1b4b-452f-8367-2ef1e64318e0', 'DIESEL', null, 'GP060EM', 'GP060EM', 2, false),
        ('3276309d-1a7b-4410-b7d3-2f1f553f0c4d', 'DIESEL', null, 'GR144YZ', 'GR144YZ', 1, false),
        ('0202e4a8-6779-4f93-931c-aa4146f04306', 'HYBRID', null, 'GR756HS', 'GR756HS', 2, false),
        ('a0e7a9d3-3de4-4705-8ab8-b5c13f6583fe', 'DIESEL', null, 'GS469JE', 'GS469JE', 1, false),
        ('17ada53d-a068-4cde-a8e0-4b094f733c29', 'DIESEL', null, 'FJ159RX', 'FJ159RX', 1, false),
        ('9689ec23-4e8c-4a40-a26f-395beb758fef', 'DIESEL', null, 'FY071DJ', 'FY071DJ', 1, false),
        ('3e4b22f3-229c-45cd-82f8-10870df3e3d6', 'DIESEL', null, 'GQ904WQ', 'GQ904WQ', 1, false);

-- Insert into veicle_driver

insert into public.vehicle_driver (vehicle_id, driver_id, start_date, end_date)
values  ('05116c8f-ccc9-417c-af06-f594f445da57', 83, '2024-12-16 16:05:49.768000', null),
        ('d54c1c69-dc61-4312-9930-d34432c6bf99', 84, '2024-12-16 16:05:49.780000', null),
        ('f2b4e327-06b8-484c-b7c8-70d7ac9e35f5', 85, '2024-12-16 16:05:49.799000', null),
        ('cbbd2920-4116-4b95-afb2-212c114cd174', 86, '2024-12-16 16:05:49.808000', null),
        ('3abbc58a-eafb-4d6b-aa3a-d5c895d4cab4', 87, '2024-12-16 16:05:49.817000', null),
        ('92e3f1f1-c60a-46dd-a15d-9aed25444fc6', 88, '2024-12-16 16:05:49.827000', null),
        ('1cfc4d07-1842-4d08-ac18-acb6d03dd58f', 89, '2024-12-16 16:05:49.837000', null),
        ('42b9909e-7305-4cfb-858e-0aa8425c7314', 90, '2024-12-16 16:05:49.847000', null),
        ('17efd980-519f-4ef8-b0b0-448c9b44f7c3', 91, '2024-12-16 16:05:49.856000', null),
        ('49478be8-b705-45c8-bd7d-7f6f25880b96', 92, '2024-12-16 16:05:49.865000', null),
        ('eb734f5b-cbbe-4a3a-adaf-dba2a5bf311c', 93, '2024-12-16 16:05:49.874000', null),
        ('1aff29d2-feba-42d3-bbb8-f0cb9afb93c1', 94, '2024-12-16 16:05:49.884000', null),
        ('f1383258-5424-49bf-906d-806107bbf77e', 95, '2024-12-16 16:05:49.893000', null),
        ('a4dec3f3-7f35-4573-9c91-a9ae53a05b2c', 96, '2024-12-16 16:05:49.902000', null),
        ('45624b66-ec30-43c7-beb0-e4adc6020695', 97, '2024-12-16 16:05:49.911000', null),
        ('38c5395b-4a3e-439d-8d36-48a470b146ff', 98, '2024-12-16 16:05:49.921000', null),
        ('681569de-69f4-477a-9f68-a68bef506596', 99, '2024-12-16 16:05:49.929000', null),
        ('ebcd3376-f81f-4c7d-8e27-7dfc36ee16d5', 100, '2024-12-16 16:05:49.938000', null),
        ('f312b289-e0d7-4705-812a-d999c9f59afa', 101, '2024-12-16 16:05:49.947000', null),
        ('15882d67-7c95-4300-b48c-9e42a4d99de4', 102, '2024-12-16 16:05:49.955000', null),
        ('8b94072a-d92c-4d8d-af53-bbbd47522a98', 103, '2024-12-16 16:05:49.965000', null),
        ('3748d650-b2ca-4dca-9548-7dee23ea80a2', 104, '2024-12-16 16:05:49.974000', null),
        ('c60c8ad6-0a09-409f-92ac-418baae30f9b', 105, '2024-12-16 16:05:49.983000', null),
        ('14630512-4b84-40f7-8f0b-112474152858', 106, '2024-12-16 16:05:49.992000', null),
        ('6f1e8d4e-e122-4eb2-8684-14d1289a372f', 107, '2024-12-16 16:05:50.001000', null),
        ('789f1896-2182-4936-923d-d3d31fe6c41c', 108, '2024-12-16 16:05:50.009000', null),
        ('d600efa4-b42d-479f-8b19-784d3b679e23', 109, '2024-12-16 16:05:50.019000', null),
        ('7aca718c-4c4c-45ab-9189-c8236572089d', 110, '2024-12-16 16:05:50.027000', null),
        ('8fc64311-6d53-4a28-90dd-23d1997ac303', 111, '2024-12-16 16:05:50.037000', null),
        ('5475b344-46d7-447c-97fb-076037d09c0b', 112, '2024-12-16 16:05:50.046000', null),
        ('845185a9-4741-4e35-97f8-8d5ceaec05a4', 113, '2024-12-16 16:05:50.055000', null),
        ('bdb98cf8-dce3-4e7c-8c40-429df002d8ba', 114, '2024-12-16 16:05:50.064000', null),
        ('57e31551-66e3-4e63-adee-2b3c1cdc09cc', 115, '2024-12-16 16:05:50.075000', null),
        ('72153460-7873-4a7b-bd33-dc5adb4f62c9', 116, '2024-12-16 16:05:50.084000', null),
        ('327a8ac8-2cd8-4871-bc7c-0c79f6d696da', 117, '2024-12-16 16:05:50.093000', null),
        ('4b8b3474-d8cf-4f40-8bdf-d845c6e850b1', 118, '2024-12-16 16:05:50.102000', null),
        ('1c5c5d45-86e1-4570-9f7a-3976d286907d', 119, '2024-12-16 16:05:50.112000', null),
        ('1097cdd3-62a3-45d1-bc07-8e56e88255eb', 120, '2024-12-16 16:05:50.120000', null),
        ('2d58392c-98b4-41c0-a898-fde962edc515', 121, '2024-12-16 16:05:50.129000', null),
        ('b7e00f62-674d-4b69-bb62-c934041c3d07', 122, '2024-12-16 16:05:50.139000', null),
        ('4a6ed75b-ecc8-4e22-b928-3e0a0a9c1211', 123, '2024-12-16 16:05:50.148000', null),
        ('bedf1bd0-c94f-4260-aa2a-d1ba77da8c81', 124, '2024-12-16 16:05:50.157000', null),
        ('62e439eb-4043-427c-af25-9ddeb22f6a69', 125, '2024-12-16 16:05:50.166000', null),
        ('9b5fa039-eb9c-435c-85f6-ac00f473f982', 126, '2024-12-16 16:05:50.176000', null),
        ('c9897e19-96c0-47ee-beef-e79fa91e965e', 127, '2024-12-16 16:05:50.185000', null),
        ('e12b2f23-c857-436d-b504-40205ab9b707', 128, '2024-12-16 16:05:50.194000', null),
        ('3b275b8a-8375-4963-814d-64938a8c7c59', 129, '2024-12-16 16:05:50.203000', null),
        ('6ffc077f-2ed0-49b9-a526-0ad0156e3732', 130, '2024-12-16 16:05:50.213000', null),
        ('5ab45ab4-61f3-4dc1-ba5d-e14ad6254534', 131, '2024-12-16 16:05:50.221000', null),
        ('794d8524-074f-4986-b4b4-8b6b51b5ef8b', 132, '2024-12-16 16:05:50.231000', null),
        ('2a83cd51-25fe-488d-9b28-8e011fd6ac5c', 133, '2024-12-16 16:05:50.240000', null),
        ('a311122c-77e3-41a5-8b21-037fd4ef6dc2', 134, '2024-12-16 16:05:50.249000', null),
        ('acaba20e-1846-4d29-9a70-aeb7e1eb6d59', 135, '2024-12-16 16:05:50.258000', null),
        ('1938dc21-8252-4ba8-9fba-4c1ff2039db5', 136, '2024-12-16 16:05:50.267000', null),
        ('a0f41627-eb2a-4880-afe3-c721b642b0ed', 137, '2024-12-16 16:05:50.276000', null),
        ('8c6bfa95-5ed4-4985-bcec-78390194ad0a', 138, '2024-12-16 16:05:50.285000', null),
        ('3070a186-d72e-4427-a63e-8b544565fb20', 139, '2024-12-16 16:05:50.294000', null),
        ('d36ce1f2-41b0-4dea-a408-a900792574a1', 140, '2024-12-16 16:05:50.303000', null),
        ('90bbe338-d5f5-4ffa-b35d-2f5cc09697b9', 141, '2024-12-16 16:05:50.312000', null),
        ('dce47e4e-36a9-4cb1-9cd9-a17d5791c8de', 142, '2024-12-16 16:05:50.321000', null),
        ('39b4ada0-2855-497f-a4e6-5e19b4f6105a', 143, '2024-12-16 16:05:50.330000', null),
        ('a22af671-f81f-4788-85ae-fa4b0bca75fb', 144, '2024-12-16 16:05:50.340000', null),
        ('6c29c7d2-5ca5-400e-b296-00e40a6b485d', 145, '2024-12-16 16:05:50.349000', null),
        ('09695fce-1ec1-43ef-827c-5e5998fa03d8', 146, '2024-12-16 16:05:50.358000', null),
        ('c41ac631-d8d2-41d0-9a23-db1bd4152b3c', 147, '2024-12-16 16:05:50.368000', null),
        ('ae18a2a4-cb95-43eb-9797-06e0307f1c37', 148, '2024-12-16 16:05:50.377000', null),
        ('bc5a4323-9f70-4b77-9151-52ef53879070', 149, '2024-12-16 16:05:50.387000', null),
        ('148ea1d8-9eda-43aa-b669-9d4265a1818f', 150, '2024-12-16 16:05:50.397000', null),
        ('8186d18a-7276-4dba-aa00-130c7278bdc8', 151, '2024-12-16 16:05:50.410000', null),
        ('4332dba7-b588-4110-8601-5639c0bd8e5d', 152, '2024-12-16 16:05:50.422000', null),
        ('c7dd6cc0-09ed-43dc-85a3-aecbf490fe7d', 153, '2024-12-16 16:05:50.433000', null),
        ('05c34b3c-17c8-4128-82cc-200a8c798128', 154, '2024-12-16 16:05:50.445000', null),
        ('e2090efd-cdc4-4b2f-91d2-2177f08ab830', 155, '2024-12-16 16:05:50.457000', null),
        ('42e9593d-548d-4185-882d-b7d9027346af', 156, '2024-12-16 16:05:50.469000', null),
        ('e277c102-994a-48f7-882b-e8cfe694e9c9', 157, '2024-12-16 16:05:50.480000', null),
        ('fd5df8b8-b874-479e-b4d5-f1690aeb8913', 158, '2024-12-16 16:05:50.491000', null),
        ('f890d612-fe47-4ade-bc9f-7eb5eeb960ce', 159, '2024-12-16 16:05:50.500000', null),
        ('9ae1a315-04aa-4729-be5c-ada03cf992b6', 160, '2024-12-16 16:05:50.511000', null),
        ('851085e2-0196-4b24-a893-d3580e36fbed', 161, '2024-12-16 16:05:50.523000', null),
        ('f4b40c40-70f3-41c9-9a93-9f38a6d33800', 162, '2024-12-16 16:05:50.534000', null),
        ('11c12d7e-7abd-441e-90d2-590f0a0bb8c8', 163, '2024-12-16 16:05:50.546000', null),
        ('ca4c3954-d7f6-4960-bff7-62028adaf80b', 164, '2024-12-16 16:05:50.558000', null),
        ('8b3d96f5-e20d-4b44-bbd3-f72eb70eb5c3', 165, '2024-12-16 16:05:50.570000', null),
        ('626b51c0-1c28-4feb-ba9f-972382515f02', 166, '2024-12-16 16:05:50.582000', null),
        ('1da1b7bf-6f1c-4026-8dac-a0ab7bf9f347', 167, '2024-12-16 16:05:50.595000', null),
        ('b9976a18-420c-4147-993a-a221c8ca7ab1', 168, '2024-12-16 16:05:50.607000', null),
        ('cafc0bed-03bf-4aef-a7f6-b327f790e9e2', 169, '2024-12-16 16:05:50.619000', null),
        ('ec810513-0868-4ef0-8db1-4945838d9d12', 170, '2024-12-16 16:05:50.630000', null),
        ('8a2723f5-cb0f-4b8c-b975-76bf66b96980', 171, '2024-12-16 16:05:50.640000', null),
        ('7ab48346-ec27-43ce-954c-2cf981753fdf', 172, '2024-12-16 16:05:50.650000', null),
        ('a80540bf-2126-4387-869c-3de0b46bdbbf', 173, '2024-12-16 16:05:50.660000', null),
        ('01c102ac-bc56-47b3-8deb-542a89af2747', 174, '2024-12-16 16:05:50.670000', null),
        ('cf2f878d-71d8-4a5f-994e-93fcb5055fa7', 175, '2024-12-16 16:05:50.681000', null),
        ('b6fc42ff-3eef-4001-b69c-e4e05798a053', 176, '2024-12-16 16:05:50.692000', null),
        ('dbd89c50-1e59-4cc8-97eb-e9c6afcff01e', 177, '2024-12-16 16:05:50.705000', null),
        ('53866bd6-f8c3-4abb-9452-480ba271aafb', 178, '2024-12-16 16:05:50.717000', null),
        ('ab3fd93f-4db8-4ed7-b94a-531ec85dade9', 179, '2024-12-16 16:05:50.730000', null),
        ('222096de-cfe7-465e-a1cd-fb4be68db843', 180, '2024-12-16 16:05:50.742000', null),
        ('8fb41f93-9d04-47c4-b09e-b440d42d3ff5', 181, '2024-12-16 16:05:50.754000', null),
        ('4777fdf9-6969-4a80-8704-e47a6222c019', 182, '2024-12-16 16:05:50.764000', null),
        ('0c96a42c-d79b-402d-9ad3-c7c95d0f2da9', 183, '2024-12-16 16:05:50.774000', null),
        ('e32cd1fb-8e93-4f26-ab90-1d11f1b90cc4', 184, '2024-12-16 16:05:50.785000', null),
        ('aad3baaa-f947-4d1f-9847-c8f2c5b4dfe2', 185, '2024-12-16 16:05:50.795000', null),
        ('f1371b59-1b70-43ca-9c83-4789a5a50cf1', 186, '2024-12-16 16:05:50.805000', null),
        ('ed9f165b-1f75-4565-b0cd-9a4d96e5562f', 187, '2024-12-16 16:05:50.816000', null),
        ('643e06bd-65a9-412f-9f0f-9a6932739d11', 188, '2024-12-16 16:05:50.826000', null),
        ('6295cb9e-cc24-4067-be9e-eea792a9ffc9', 189, '2024-12-16 16:05:50.837000', null),
        ('7759b102-4350-4362-8eb3-12448ccd990f', 190, '2024-12-16 16:05:50.847000', null),
        ('439be5ff-b2f4-4281-b498-75321b16383e', 191, '2024-12-16 16:05:50.858000', null),
        ('75cfc3e2-309a-4773-be1d-6bbe1b7c91b0', 192, '2024-12-16 16:05:50.868000', null),
        ('e809adc5-3aa0-4b11-8781-88915e279210', 193, '2024-12-16 16:05:50.879000', null),
        ('34934dcd-92c7-4d4f-89dc-7542dbc6461f', 194, '2024-12-16 16:05:50.889000', null),
        ('3a1fb3cc-9655-4bd9-a750-f0f80ff44a3d', 195, '2024-12-16 16:05:50.899000', null),
        ('c6960be4-897c-41b7-af78-336667ece6f2', 196, '2024-12-16 16:05:50.910000', null),
        ('3ec3f87d-ead5-4c61-8b31-3a2634d7d077', 197, '2024-12-16 16:05:50.921000', null),
        ('b1f2f40c-3092-4d72-a81e-c9bdb5bdf163', 198, '2024-12-16 16:05:50.931000', null),
        ('858e9b53-429f-474e-8448-82b10a39e0d4', 199, '2024-12-16 16:05:50.942000', null),
        ('db669ce4-45a0-40be-a20c-af7591126421', 200, '2024-12-16 16:05:50.953000', null),
        ('f535bced-2736-4c30-a20a-ba83a0e98685', 201, '2024-12-16 16:05:50.964000', null),
        ('03779696-f25b-4a3f-8e4d-b0c318be9c40', 202, '2024-12-16 16:05:50.974000', null),
        ('065e7d7b-cc08-4a3f-bb7e-a50f8d5e35e6', 203, '2024-12-16 16:05:50.984000', null),
        ('662bc258-a112-4ac9-9c8d-80e6aad9eef4', 204, '2024-12-16 16:05:50.995000', null),
        ('87cf64fd-925d-4b6c-8fc5-d1b7a1a36ad9', 205, '2024-12-16 16:05:51.006000', null),
        ('e83e2983-b515-43b1-a66f-7c958719e5e1', 206, '2024-12-16 16:05:51.016000', null),
        ('2c75edd1-1b4b-452f-8367-2ef1e64318e0', 207, '2024-12-16 16:05:51.027000', null),
        ('3276309d-1a7b-4410-b7d3-2f1f553f0c4d', 208, '2024-12-16 16:05:51.037000', null),
        ('0202e4a8-6779-4f93-931c-aa4146f04306', 209, '2024-12-16 16:05:51.048000', null),
        ('a0e7a9d3-3de4-4705-8ab8-b5c13f6583fe', 210, '2024-12-16 16:05:51.058000', null),
        ('17ada53d-a068-4cde-a8e0-4b094f733c29', 211, '2024-12-16 16:05:51.070000', null),
        ('9689ec23-4e8c-4a40-a26f-395beb758fef', 212, '2024-12-16 16:05:51.081000', null),
        ('3e4b22f3-229c-45cd-82f8-10870df3e3d6', 213, '2024-12-16 16:05:51.091000', null);

-- Insert driver_untracked_period

insert into public.driver_untracked_period (driver_id, start_date, end_date)
values  (160, '2024-12-16 16:05:51.102622', null),
        (161, '2024-12-16 16:05:51.107513', null),
        (162, '2024-12-16 16:05:51.111235', null),
        (163, '2024-12-16 16:05:51.114964', null),
        (164, '2024-12-16 16:05:51.118700', null),
        (165, '2024-12-16 16:05:51.122390', null),
        (166, '2024-12-16 16:05:51.125964', null),
        (167, '2024-12-16 16:05:51.129417', null),
        (168, '2024-12-16 16:05:51.132993', null),
        (169, '2024-12-16 16:05:51.136639', null),
        (171, '2024-12-16 16:05:51.140333', null),
        (172, '2024-12-16 16:05:51.143957', null),
        (173, '2024-12-16 16:05:51.147365', null),
        (174, '2024-12-16 16:05:51.150950', null),
        (175, '2024-12-16 16:05:51.154399', null),
        (176, '2024-12-16 16:05:51.158181', null),
        (177, '2024-12-16 16:05:51.161791', null),
        (179, '2024-12-16 16:05:51.165279', null),
        (180, '2024-12-16 16:05:51.168745', null),
        (181, '2024-12-16 16:05:51.172187', null),
        (182, '2024-12-16 16:05:51.175772', null),
        (183, '2024-12-16 16:05:51.179222', null),
        (184, '2024-12-16 16:05:51.182889', null),
        (185, '2024-12-16 16:05:51.186574', null),
        (186, '2024-12-16 16:05:51.190208', null),
        (187, '2024-12-16 16:05:51.193812', null),
        (189, '2024-12-16 16:05:51.197245', null),
        (190, '2024-12-16 16:05:51.200915', null),
        (191, '2024-12-16 16:05:51.204614', null),
        (192, '2024-12-16 16:05:51.208321', null),
        (193, '2024-12-16 16:05:51.211941', null),
        (194, '2024-12-16 16:05:51.215575', null),
        (195, '2024-12-16 16:05:51.219523', null),
        (197, '2024-12-16 16:05:51.223070', null),
        (198, '2024-12-16 16:05:51.226568', null),
        (199, '2024-12-16 16:05:51.229962', null),
        (200, '2024-12-16 16:05:51.233458', null),
        (201, '2024-12-16 16:05:51.237073', null),
        (202, '2024-12-16 16:05:51.240637', null),
        (203, '2024-12-16 16:05:51.244054', null),
        (204, '2024-12-16 16:05:51.247469', null),
        (205, '2024-12-16 16:05:51.250860', null),
        (206, '2024-12-16 16:05:51.254411', null),
        (208, '2024-12-16 16:05:51.258052', null),
        (209, '2024-12-16 16:05:51.261719', null),
        (210, '2024-12-16 16:05:51.265376', null),
        (211, '2024-12-16 16:05:51.269059', null),
        (213, '2024-12-16 16:05:51.272725', null);

-- Insert public.vehicle_Teams

insert into public.vehicle_team (vehicle_id, team_id, start_date, end_date)
values  ('05116c8f-ccc9-417c-af06-f594f445da57', 69, '2024-12-16 16:05:49.768000', null),
        ('d54c1c69-dc61-4312-9930-d34432c6bf99', 69, '2024-12-16 16:05:49.780000', null),
        ('f2b4e327-06b8-484c-b7c8-70d7ac9e35f5', 69, '2024-12-16 16:05:49.799000', null),
        ('cbbd2920-4116-4b95-afb2-212c114cd174', 69, '2024-12-16 16:05:49.808000', null),
        ('3abbc58a-eafb-4d6b-aa3a-d5c895d4cab4', 69, '2024-12-16 16:05:49.817000', null),
        ('92e3f1f1-c60a-46dd-a15d-9aed25444fc6', 69, '2024-12-16 16:05:49.827000', null),
        ('1cfc4d07-1842-4d08-ac18-acb6d03dd58f', 69, '2024-12-16 16:05:49.837000', null),
        ('42b9909e-7305-4cfb-858e-0aa8425c7314', 69, '2024-12-16 16:05:49.847000', null),
        ('17efd980-519f-4ef8-b0b0-448c9b44f7c3', 70, '2024-12-16 16:05:49.856000', null),
        ('49478be8-b705-45c8-bd7d-7f6f25880b96', 70, '2024-12-16 16:05:49.865000', null),
        ('eb734f5b-cbbe-4a3a-adaf-dba2a5bf311c', 70, '2024-12-16 16:05:49.874000', null),
        ('1aff29d2-feba-42d3-bbb8-f0cb9afb93c1', 70, '2024-12-16 16:05:49.884000', null),
        ('f1383258-5424-49bf-906d-806107bbf77e', 70, '2024-12-16 16:05:49.893000', null),
        ('a4dec3f3-7f35-4573-9c91-a9ae53a05b2c', 70, '2024-12-16 16:05:49.902000', null),
        ('45624b66-ec30-43c7-beb0-e4adc6020695', 70, '2024-12-16 16:05:49.911000', null),
        ('38c5395b-4a3e-439d-8d36-48a470b146ff', 70, '2024-12-16 16:05:49.921000', null),
        ('681569de-69f4-477a-9f68-a68bef506596', 70, '2024-12-16 16:05:49.929000', null),
        ('ebcd3376-f81f-4c7d-8e27-7dfc36ee16d5', 70, '2024-12-16 16:05:49.938000', null),
        ('f312b289-e0d7-4705-812a-d999c9f59afa', 72, '2024-12-16 16:05:49.947000', null),
        ('15882d67-7c95-4300-b48c-9e42a4d99de4', 72, '2024-12-16 16:05:49.955000', null),
        ('8b94072a-d92c-4d8d-af53-bbbd47522a98', 72, '2024-12-16 16:05:49.965000', null),
        ('3748d650-b2ca-4dca-9548-7dee23ea80a2', 72, '2024-12-16 16:05:49.974000', null),
        ('c60c8ad6-0a09-409f-92ac-418baae30f9b', 72, '2024-12-16 16:05:49.983000', null),
        ('14630512-4b84-40f7-8f0b-112474152858', 72, '2024-12-16 16:05:49.992000', null),
        ('6f1e8d4e-e122-4eb2-8684-14d1289a372f', 71, '2024-12-16 16:05:50.001000', null),
        ('789f1896-2182-4936-923d-d3d31fe6c41c', 71, '2024-12-16 16:05:50.009000', null),
        ('d600efa4-b42d-479f-8b19-784d3b679e23', 71, '2024-12-16 16:05:50.019000', null),
        ('7aca718c-4c4c-45ab-9189-c8236572089d', 71, '2024-12-16 16:05:50.027000', null),
        ('8fc64311-6d53-4a28-90dd-23d1997ac303', 73, '2024-12-16 16:05:50.037000', null),
        ('5475b344-46d7-447c-97fb-076037d09c0b', 73, '2024-12-16 16:05:50.046000', null),
        ('845185a9-4741-4e35-97f8-8d5ceaec05a4', 73, '2024-12-16 16:05:50.055000', null),
        ('bdb98cf8-dce3-4e7c-8c40-429df002d8ba', 73, '2024-12-16 16:05:50.064000', null),
        ('57e31551-66e3-4e63-adee-2b3c1cdc09cc', 73, '2024-12-16 16:05:50.075000', null),
        ('72153460-7873-4a7b-bd33-dc5adb4f62c9', 73, '2024-12-16 16:05:50.084000', null),
        ('327a8ac8-2cd8-4871-bc7c-0c79f6d696da', 73, '2024-12-16 16:05:50.093000', null),
        ('4b8b3474-d8cf-4f40-8bdf-d845c6e850b1', 73, '2024-12-16 16:05:50.102000', null),
        ('1c5c5d45-86e1-4570-9f7a-3976d286907d', 73, '2024-12-16 16:05:50.112000', null),
        ('1097cdd3-62a3-45d1-bc07-8e56e88255eb', 75, '2024-12-16 16:05:50.120000', null),
        ('2d58392c-98b4-41c0-a898-fde962edc515', 75, '2024-12-16 16:05:50.129000', null),
        ('b7e00f62-674d-4b69-bb62-c934041c3d07', 75, '2024-12-16 16:05:50.139000', null),
        ('4a6ed75b-ecc8-4e22-b928-3e0a0a9c1211', 75, '2024-12-16 16:05:50.148000', null),
        ('bedf1bd0-c94f-4260-aa2a-d1ba77da8c81', 75, '2024-12-16 16:05:50.157000', null),
        ('62e439eb-4043-427c-af25-9ddeb22f6a69', 75, '2024-12-16 16:05:50.166000', null),
        ('9b5fa039-eb9c-435c-85f6-ac00f473f982', 75, '2024-12-16 16:05:50.176000', null),
        ('c9897e19-96c0-47ee-beef-e79fa91e965e', 75, '2024-12-16 16:05:50.185000', null),
        ('e12b2f23-c857-436d-b504-40205ab9b707', 78, '2024-12-16 16:05:50.194000', null),
        ('3b275b8a-8375-4963-814d-64938a8c7c59', 78, '2024-12-16 16:05:50.203000', null),
        ('6ffc077f-2ed0-49b9-a526-0ad0156e3732', 78, '2024-12-16 16:05:50.213000', null),
        ('5ab45ab4-61f3-4dc1-ba5d-e14ad6254534', 76, '2024-12-16 16:05:50.221000', null),
        ('794d8524-074f-4986-b4b4-8b6b51b5ef8b', 76, '2024-12-16 16:05:50.231000', null),
        ('2a83cd51-25fe-488d-9b28-8e011fd6ac5c', 76, '2024-12-16 16:05:50.240000', null),
        ('a311122c-77e3-41a5-8b21-037fd4ef6dc2', 76, '2024-12-16 16:05:50.249000', null),
        ('acaba20e-1846-4d29-9a70-aeb7e1eb6d59', 76, '2024-12-16 16:05:50.258000', null),
        ('1938dc21-8252-4ba8-9fba-4c1ff2039db5', 76, '2024-12-16 16:05:50.267000', null),
        ('a0f41627-eb2a-4880-afe3-c721b642b0ed', 76, '2024-12-16 16:05:50.276000', null),
        ('8c6bfa95-5ed4-4985-bcec-78390194ad0a', 76, '2024-12-16 16:05:50.285000', null),
        ('3070a186-d72e-4427-a63e-8b544565fb20', 76, '2024-12-16 16:05:50.294000', null),
        ('d36ce1f2-41b0-4dea-a408-a900792574a1', 76, '2024-12-16 16:05:50.303000', null),
        ('90bbe338-d5f5-4ffa-b35d-2f5cc09697b9', 77, '2024-12-16 16:05:50.312000', null),
        ('dce47e4e-36a9-4cb1-9cd9-a17d5791c8de', 77, '2024-12-16 16:05:50.321000', null),
        ('39b4ada0-2855-497f-a4e6-5e19b4f6105a', 77, '2024-12-16 16:05:50.330000', null),
        ('a22af671-f81f-4788-85ae-fa4b0bca75fb', 77, '2024-12-16 16:05:50.340000', null),
        ('6c29c7d2-5ca5-400e-b296-00e40a6b485d', 77, '2024-12-16 16:05:50.349000', null),
        ('09695fce-1ec1-43ef-827c-5e5998fa03d8', 77, '2024-12-16 16:05:50.358000', null),
        ('c41ac631-d8d2-41d0-9a23-db1bd4152b3c', 77, '2024-12-16 16:05:50.368000', null),
        ('ae18a2a4-cb95-43eb-9797-06e0307f1c37', 77, '2024-12-16 16:05:50.377000', null),
        ('bc5a4323-9f70-4b77-9151-52ef53879070', 82, '2024-12-16 16:05:50.387000', null),
        ('148ea1d8-9eda-43aa-b669-9d4265a1818f', 82, '2024-12-16 16:05:50.397000', null),
        ('8186d18a-7276-4dba-aa00-130c7278bdc8', 82, '2024-12-16 16:05:50.410000', null),
        ('4332dba7-b588-4110-8601-5639c0bd8e5d', 80, '2024-12-16 16:05:50.422000', null),
        ('c7dd6cc0-09ed-43dc-85a3-aecbf490fe7d', 80, '2024-12-16 16:05:50.433000', null),
        ('05c34b3c-17c8-4128-82cc-200a8c798128', 80, '2024-12-16 16:05:50.445000', null),
        ('e2090efd-cdc4-4b2f-91d2-2177f08ab830', 80, '2024-12-16 16:05:50.457000', null),
        ('42e9593d-548d-4185-882d-b7d9027346af', 80, '2024-12-16 16:05:50.469000', null),
        ('e277c102-994a-48f7-882b-e8cfe694e9c9', 80, '2024-12-16 16:05:50.480000', null),
        ('fd5df8b8-b874-479e-b4d5-f1690aeb8913', 81, '2024-12-16 16:05:50.491000', null),
        ('f890d612-fe47-4ade-bc9f-7eb5eeb960ce', 81, '2024-12-16 16:05:50.500000', null),
        ('9ae1a315-04aa-4729-be5c-ada03cf992b6', 67, '2024-12-16 16:05:50.511000', null),
        ('851085e2-0196-4b24-a893-d3580e36fbed', 65, '2024-12-16 16:05:50.523000', null),
        ('f4b40c40-70f3-41c9-9a93-9f38a6d33800', 65, '2024-12-16 16:05:50.534000', null),
        ('11c12d7e-7abd-441e-90d2-590f0a0bb8c8', 65, '2024-12-16 16:05:50.546000', null),
        ('ca4c3954-d7f6-4960-bff7-62028adaf80b', 65, '2024-12-16 16:05:50.558000', null),
        ('8b3d96f5-e20d-4b44-bbd3-f72eb70eb5c3', 65, '2024-12-16 16:05:50.570000', null),
        ('626b51c0-1c28-4feb-ba9f-972382515f02', 65, '2024-12-16 16:05:50.582000', null),
        ('1da1b7bf-6f1c-4026-8dac-a0ab7bf9f347', 65, '2024-12-16 16:05:50.595000', null),
        ('b9976a18-420c-4147-993a-a221c8ca7ab1', 65, '2024-12-16 16:05:50.607000', null),
        ('cafc0bed-03bf-4aef-a7f6-b327f790e9e2', 66, '2024-12-16 16:05:50.619000', null),
        ('ec810513-0868-4ef0-8db1-4945838d9d12', 68, '2024-12-16 16:05:50.630000', null),
        ('8a2723f5-cb0f-4b8c-b975-76bf66b96980', 63, '2024-12-16 16:05:50.640000', null),
        ('7ab48346-ec27-43ce-954c-2cf981753fdf', 63, '2024-12-16 16:05:50.650000', null),
        ('a80540bf-2126-4387-869c-3de0b46bdbbf', 63, '2024-12-16 16:05:50.660000', null),
        ('01c102ac-bc56-47b3-8deb-542a89af2747', 63, '2024-12-16 16:05:50.670000', null),
        ('cf2f878d-71d8-4a5f-994e-93fcb5055fa7', 63, '2024-12-16 16:05:50.681000', null),
        ('b6fc42ff-3eef-4001-b69c-e4e05798a053', 61, '2024-12-16 16:05:50.692000', null),
        ('dbd89c50-1e59-4cc8-97eb-e9c6afcff01e', 61, '2024-12-16 16:05:50.705000', null),
        ('53866bd6-f8c3-4abb-9452-480ba271aafb', 61, '2024-12-16 16:05:50.717000', null),
        ('ab3fd93f-4db8-4ed7-b94a-531ec85dade9', 61, '2024-12-16 16:05:50.730000', null),
        ('222096de-cfe7-465e-a1cd-fb4be68db843', 61, '2024-12-16 16:05:50.742000', null),
        ('8fb41f93-9d04-47c4-b09e-b440d42d3ff5', 61, '2024-12-16 16:05:50.754000', null),
        ('4777fdf9-6969-4a80-8704-e47a6222c019', 61, '2024-12-16 16:05:50.764000', null),
        ('0c96a42c-d79b-402d-9ad3-c7c95d0f2da9', 61, '2024-12-16 16:05:50.774000', null),
        ('e32cd1fb-8e93-4f26-ab90-1d11f1b90cc4', 61, '2024-12-16 16:05:50.785000', null),
        ('aad3baaa-f947-4d1f-9847-c8f2c5b4dfe2', 64, '2024-12-16 16:05:50.795000', null),
        ('f1371b59-1b70-43ca-9c83-4789a5a50cf1', 64, '2024-12-16 16:05:50.805000', null),
        ('ed9f165b-1f75-4565-b0cd-9a4d96e5562f', 64, '2024-12-16 16:05:50.816000', null),
        ('643e06bd-65a9-412f-9f0f-9a6932739d11', 64, '2024-12-16 16:05:50.826000', null),
        ('6295cb9e-cc24-4067-be9e-eea792a9ffc9', 64, '2024-12-16 16:05:50.837000', null),
        ('7759b102-4350-4362-8eb3-12448ccd990f', 64, '2024-12-16 16:05:50.847000', null),
        ('439be5ff-b2f4-4281-b498-75321b16383e', 64, '2024-12-16 16:05:50.858000', null),
        ('75cfc3e2-309a-4773-be1d-6bbe1b7c91b0', 64, '2024-12-16 16:05:50.868000', null),
        ('e809adc5-3aa0-4b11-8781-88915e279210', 64, '2024-12-16 16:05:50.879000', null),
        ('34934dcd-92c7-4d4f-89dc-7542dbc6461f', 64, '2024-12-16 16:05:50.889000', null),
        ('3a1fb3cc-9655-4bd9-a750-f0f80ff44a3d', 64, '2024-12-16 16:05:50.899000', null),
        ('c6960be4-897c-41b7-af78-336667ece6f2', 64, '2024-12-16 16:05:50.910000', null),
        ('3ec3f87d-ead5-4c61-8b31-3a2634d7d077', 64, '2024-12-16 16:05:50.921000', null),
        ('b1f2f40c-3092-4d72-a81e-c9bdb5bdf163', 64, '2024-12-16 16:05:50.931000', null),
        ('858e9b53-429f-474e-8448-82b10a39e0d4', 64, '2024-12-16 16:05:50.942000', null),
        ('db669ce4-45a0-40be-a20c-af7591126421', 64, '2024-12-16 16:05:50.953000', null),
        ('f535bced-2736-4c30-a20a-ba83a0e98685', 64, '2024-12-16 16:05:50.964000', null),
        ('03779696-f25b-4a3f-8e4d-b0c318be9c40', 64, '2024-12-16 16:05:50.974000', null),
        ('065e7d7b-cc08-4a3f-bb7e-a50f8d5e35e6', 64, '2024-12-16 16:05:50.984000', null),
        ('662bc258-a112-4ac9-9c8d-80e6aad9eef4', 64, '2024-12-16 16:05:50.995000', null),
        ('87cf64fd-925d-4b6c-8fc5-d1b7a1a36ad9', 64, '2024-12-16 16:05:51.006000', null),
        ('e83e2983-b515-43b1-a66f-7c958719e5e1', 64, '2024-12-16 16:05:51.016000', null),
        ('2c75edd1-1b4b-452f-8367-2ef1e64318e0', 64, '2024-12-16 16:05:51.027000', null),
        ('3276309d-1a7b-4410-b7d3-2f1f553f0c4d', 64, '2024-12-16 16:05:51.037000', null),
        ('0202e4a8-6779-4f93-931c-aa4146f04306', 64, '2024-12-16 16:05:51.048000', null),
        ('a0e7a9d3-3de4-4705-8ab8-b5c13f6583fe', 64, '2024-12-16 16:05:51.058000', null),
        ('17ada53d-a068-4cde-a8e0-4b094f733c29', 62, '2024-12-16 16:05:51.070000', null),
        ('9689ec23-4e8c-4a40-a26f-395beb758fef', 62, '2024-12-16 16:05:51.081000', null),
        ('3e4b22f3-229c-45cd-82f8-10870df3e3d6', 62, '2024-12-16 16:05:51.091000', null);

-- Insert into vehicle_install

insert into public.device_vehicle_install (device_id, vehicle_id, start_date, end_date, fitment_odometer, fitment_operator, fitment_device_location, fitment_supply_location, fitment_supply_type)
values  (51, 'ec810513-0868-4ef0-8db1-4945838d9d12', '2024-12-16 16:05:49.071983', null, null, null, null, null, null),
        (52, 'f4b40c40-70f3-41c9-9a93-9f38a6d33800', '2024-12-16 16:05:49.080453', null, null, null, null, null, null),
        (53, 'c48f7e46-3f08-4c8e-bcb0-a8943d41c2d6', '2024-12-16 16:05:49.086430', null, null, null, null, null, null),
        (54, '1da1b7bf-6f1c-4026-8dac-a0ab7bf9f347', '2024-12-16 16:05:49.091751', null, null, null, null, null, null),
        (57, 'b9976a18-420c-4147-993a-a221c8ca7ab1', '2024-12-16 16:05:49.096691', null, null, null, null, null, null),
        (58, '626b51c0-1c28-4feb-ba9f-972382515f02', '2024-12-16 16:05:49.102715', null, null, null, null, null, null),
        (59, 'fd5df8b8-b874-479e-b4d5-f1690aeb8913', '2024-12-16 16:05:49.107760', null, null, null, null, null, null),
        (60, '266fc647-102a-47f9-97cd-48c8eddfedce', '2024-12-16 16:05:49.113185', null, null, null, null, null, null),
        (61, '92e3f1f1-c60a-46dd-a15d-9aed25444fc6', '2024-12-16 16:05:49.119782', null, null, null, null, null, null),
        (62, '6f1e8d4e-e122-4eb2-8684-14d1289a372f', '2024-12-16 16:05:49.124889', null, null, null, null, null, null),
        (64, 'a4dec3f3-7f35-4573-9c91-a9ae53a05b2c', '2024-12-16 16:05:49.130264', null, null, null, null, null, null),
        (65, '49478be8-b705-45c8-bd7d-7f6f25880b96', '2024-12-16 16:05:49.136039', null, null, null, null, null, null),
        (66, '681569de-69f4-477a-9f68-a68bef506596', '2024-12-16 16:05:49.141150', null, null, null, null, null, null),
        (67, '1aff29d2-feba-42d3-bbb8-f0cb9afb93c1', '2024-12-16 16:05:49.145947', null, null, null, null, null, null),
        (68, '45624b66-ec30-43c7-beb0-e4adc6020695', '2024-12-16 16:05:49.150905', null, null, null, null, null, null),
        (34, 'dbd89c50-1e59-4cc8-97eb-e9c6afcff01e', '2024-12-16 16:05:49.155156', null, null, null, null, null, null),
        (69, '8c30ebf0-b0a6-4ab4-b256-9a838d6b0af8', '2024-12-16 16:05:49.159177', null, null, null, null, null, null),
        (70, '222096de-cfe7-465e-a1cd-fb4be68db843', '2024-12-16 16:05:49.162945', null, null, null, null, null, null),
        (71, 'b6fc42ff-3eef-4001-b69c-e4e05798a053', '2024-12-16 16:05:49.167236', null, null, null, null, null, null),
        (72, 'f2b4e327-06b8-484c-b7c8-70d7ac9e35f5', '2024-12-16 16:05:49.171061', null, null, null, null, null, null),
        (73, 'd54c1c69-dc61-4312-9930-d34432c6bf99', '2024-12-16 16:05:49.174889', null, null, null, null, null, null),
        (74, '4777fdf9-6969-4a80-8704-e47a6222c019', '2024-12-16 16:05:49.179140', null, null, null, null, null, null),
        (75, '8fb41f93-9d04-47c4-b09e-b440d42d3ff5', '2024-12-16 16:05:49.183201', null, null, null, null, null, null),
        (76, '38c5395b-4a3e-439d-8d36-48a470b146ff', '2024-12-16 16:05:49.187971', null, null, null, null, null, null),
        (77, '17efd980-519f-4ef8-b0b0-448c9b44f7c3', '2024-12-16 16:05:49.192533', null, null, null, null, null, null),
        (78, '53866bd6-f8c3-4abb-9452-480ba271aafb', '2024-12-16 16:05:49.196730', null, null, null, null, null, null),
        (33, 'ab3fd93f-4db8-4ed7-b94a-531ec85dade9', '2024-12-16 16:05:49.201044', null, null, null, null, null, null),
        (79, '42b9909e-7305-4cfb-858e-0aa8425c7314', '2024-12-16 16:05:49.205225', null, null, null, null, null, null),
        (80, 'cbbd2920-4116-4b95-afb2-212c114cd174', '2024-12-16 16:05:49.209407', null, null, null, null, null, null),
        (81, 'd600efa4-b42d-479f-8b19-784d3b679e23', '2024-12-16 16:05:49.213712', null, null, null, null, null, null),
        (82, '3abbc58a-eafb-4d6b-aa3a-d5c895d4cab4', '2024-12-16 16:05:49.217913', null, null, null, null, null, null),
        (84, '789f1896-2182-4936-923d-d3d31fe6c41c', '2024-12-16 16:05:49.222129', null, null, null, null, null, null),
        (85, '7aca718c-4c4c-45ab-9189-c8236572089d', '2024-12-16 16:05:49.227222', null, null, null, null, null, null),
        (86, '05116c8f-ccc9-417c-af06-f594f445da57', '2024-12-16 16:05:49.231799', null, null, null, null, null, null),
        (87, 'e32cd1fb-8e93-4f26-ab90-1d11f1b90cc4', '2024-12-16 16:05:49.236117', null, null, null, null, null, null),
        (32, '0c96a42c-d79b-402d-9ad3-c7c95d0f2da9', '2024-12-16 16:05:49.240275', null, null, null, null, null, null),
        (88, '1cfc4d07-1842-4d08-ac18-acb6d03dd58f', '2024-12-16 16:05:49.244772', null, null, null, null, null, null),
        (90, '8b3d96f5-e20d-4b44-bbd3-f72eb70eb5c3', '2024-12-16 16:05:49.249034', null, null, null, null, null, null),
        (91, 'f33485fe-a7d3-4805-adb7-44fbc6771bb2', '2024-12-16 16:05:49.253520', null, null, null, null, null, null),
        (92, 'c7dd6cc0-09ed-43dc-85a3-aecbf490fe7d', '2024-12-16 16:05:49.257693', null, null, null, null, null, null),
        (93, '3b275b8a-8375-4963-814d-64938a8c7c59', '2024-12-16 16:05:49.262190', null, null, null, null, null, null),
        (36, 'e2090efd-cdc4-4b2f-91d2-2177f08ab830', '2024-12-16 16:05:49.267344', null, null, null, null, null, null),
        (37, '4332dba7-b588-4110-8601-5639c0bd8e5d', '2024-12-16 16:05:49.272254', null, null, null, null, null, null),
        (35, '05c34b3c-17c8-4128-82cc-200a8c798128', '2024-12-16 16:05:49.277162', null, null, null, null, null, null),
        (95, '42e9593d-548d-4185-882d-b7d9027346af', '2024-12-16 16:05:49.281790', null, null, null, null, null, null),
        (96, '1b404e44-711e-41a6-9171-6e8b3578e642', '2024-12-16 16:05:49.286480', null, null, null, null, null, null),
        (97, '6ffc077f-2ed0-49b9-a526-0ad0156e3732', '2024-12-16 16:05:49.291347', null, null, null, null, null, null),
        (98, 'e12b2f23-c857-436d-b504-40205ab9b707', '2024-12-16 16:05:49.295874', null, null, null, null, null, null),
        (99, 'f312b289-e0d7-4705-812a-d999c9f59afa', '2024-12-16 16:05:49.300422', null, null, null, null, null, null),
        (101, '851085e2-0196-4b24-a893-d3580e36fbed', '2024-12-16 16:05:49.304943', null, null, null, null, null, null),
        (102, '11c12d7e-7abd-441e-90d2-590f0a0bb8c8', '2024-12-16 16:05:49.309652', null, null, null, null, null, null),
        (103, 'a22af671-f81f-4788-85ae-fa4b0bca75fb', '2024-12-16 16:05:49.314898', null, null, null, null, null, null),
        (104, '09695fce-1ec1-43ef-827c-5e5998fa03d8', '2024-12-16 16:05:49.320322', null, null, null, null, null, null),
        (105, '90bbe338-d5f5-4ffa-b35d-2f5cc09697b9', '2024-12-16 16:05:49.325331', null, null, null, null, null, null),
        (106, '2c75edd1-1b4b-452f-8367-2ef1e64318e0', '2024-12-16 16:05:49.330248', null, null, null, null, null, null),
        (107, '6c29c7d2-5ca5-400e-b296-00e40a6b485d', '2024-12-16 16:05:49.335248', null, null, null, null, null, null),
        (108, '39b4ada0-2855-497f-a4e6-5e19b4f6105a', '2024-12-16 16:05:49.340179', null, null, null, null, null, null),
        (109, 'ae18a2a4-cb95-43eb-9797-06e0307f1c37', '2024-12-16 16:05:49.345101', null, null, null, null, null, null),
        (110, 'c41ac631-d8d2-41d0-9a23-db1bd4152b3c', '2024-12-16 16:05:49.350311', null, null, null, null, null, null),
        (111, 'e83e2983-b515-43b1-a66f-7c958719e5e1', '2024-12-16 16:05:49.355196', null, null, null, null, null, null),
        (112, 'aad3baaa-f947-4d1f-9847-c8f2c5b4dfe2', '2024-12-16 16:05:49.360159', null, null, null, null, null, null),
        (113, 'ed9f165b-1f75-4565-b0cd-9a4d96e5562f', '2024-12-16 16:05:49.365051', null, null, null, null, null, null),
        (115, 'dce47e4e-36a9-4cb1-9cd9-a17d5791c8de', '2024-12-16 16:05:49.370093', null, null, null, null, null, null),
        (116, 'b1f2f40c-3092-4d72-a81e-c9bdb5bdf163', '2024-12-16 16:05:49.375169', null, null, null, null, null, null),
        (117, '662bc258-a112-4ac9-9c8d-80e6aad9eef4', '2024-12-16 16:05:49.380499', null, null, null, null, null, null),
        (118, '9ae1a315-04aa-4729-be5c-ada03cf992b6', '2024-12-16 16:05:49.385840', null, null, null, null, null, null),
        (119, '3a1fb3cc-9655-4bd9-a750-f0f80ff44a3d', '2024-12-16 16:05:49.390681', null, null, null, null, null, null),
        (120, '858e9b53-429f-474e-8448-82b10a39e0d4', '2024-12-16 16:05:49.395717', null, null, null, null, null, null),
        (121, '34934dcd-92c7-4d4f-89dc-7542dbc6461f', '2024-12-16 16:05:49.400834', null, null, null, null, null, null),
        (122, '6295cb9e-cc24-4067-be9e-eea792a9ffc9', '2024-12-16 16:05:49.406217', null, null, null, null, null, null),
        (123, 'b7e00f62-674d-4b69-bb62-c934041c3d07', '2024-12-16 16:05:49.411333', null, null, null, null, null, null),
        (124, 'e277c102-994a-48f7-882b-e8cfe694e9c9', '2024-12-16 16:05:49.416468', null, null, null, null, null, null),
        (125, '62e439eb-4043-427c-af25-9ddeb22f6a69', '2024-12-16 16:05:49.421833', null, null, null, null, null, null),
        (126, '9b5fa039-eb9c-435c-85f6-ac00f473f982', '2024-12-16 16:05:49.427105', null, null, null, null, null, null),
        (127, '4a6ed75b-ecc8-4e22-b928-3e0a0a9c1211', '2024-12-16 16:05:49.432499', null, null, null, null, null, null),
        (29, 'c9897e19-96c0-47ee-beef-e79fa91e965e', '2024-12-16 16:05:49.437765', null, null, null, null, null, null),
        (129, '382bfb7a-f826-432b-bbd4-762d6c822ad9', '2024-12-16 16:05:49.443002', null, null, null, null, null, null),
        (130, '99990d18-f654-4f6e-acc1-50713d16ec3f', '2024-12-16 16:05:49.448225', null, null, null, null, null, null),
        (131, '2d58392c-98b4-41c0-a898-fde962edc515', '2024-12-16 16:05:49.453270', null, null, null, null, null, null),
        (132, '1097cdd3-62a3-45d1-bc07-8e56e88255eb', '2024-12-16 16:05:49.458331', null, null, null, null, null, null),
        (133, 'bedf1bd0-c94f-4260-aa2a-d1ba77da8c81', '2024-12-16 16:05:49.463467', null, null, null, null, null, null),
        (134, '87cf64fd-925d-4b6c-8fc5-d1b7a1a36ad9', '2024-12-16 16:05:49.468649', null, null, null, null, null, null),
        (135, '643e06bd-65a9-412f-9f0f-9a6932739d11', '2024-12-16 16:05:49.474188', null, null, null, null, null, null),
        (136, 'c6960be4-897c-41b7-af78-336667ece6f2', '2024-12-16 16:05:49.480816', null, null, null, null, null, null),
        (30, '3ec3f87d-ead5-4c61-8b31-3a2634d7d077', '2024-12-16 16:05:49.486261', null, null, null, null, null, null),
        (137, '75cfc3e2-309a-4773-be1d-6bbe1b7c91b0', '2024-12-16 16:05:49.491965', null, null, null, null, null, null),
        (138, 'f1371b59-1b70-43ca-9c83-4789a5a50cf1', '2024-12-16 16:05:49.497399', null, null, null, null, null, null),
        (139, 'db669ce4-45a0-40be-a20c-af7591126421', '2024-12-16 16:05:49.502949', null, null, null, null, null, null),
        (140, 'a0f41627-eb2a-4880-afe3-c721b642b0ed', '2024-12-16 16:05:49.508310', null, null, null, null, null, null),
        (141, '1938dc21-8252-4ba8-9fba-4c1ff2039db5', '2024-12-16 16:05:49.514532', null, null, null, null, null, null),
        (142, '3276309d-1a7b-4410-b7d3-2f1f553f0c4d', '2024-12-16 16:05:49.519922', null, null, null, null, null, null),
        (143, '2a83cd51-25fe-488d-9b28-8e011fd6ac5c', '2024-12-16 16:05:49.525422', null, null, null, null, null, null),
        (144, 'f535bced-2736-4c30-a20a-ba83a0e98685', '2024-12-16 16:05:49.530756', null, null, null, null, null, null),
        (145, '8186d18a-7276-4dba-aa00-130c7278bdc8', '2024-12-16 16:05:49.535885', null, null, null, null, null, null),
        (146, '18a86f20-7c81-4706-bd1d-b364266c97de', '2024-12-16 16:05:49.540955', null, null, null, null, null, null),
        (147, 'bc5a4323-9f70-4b77-9151-52ef53879070', '2024-12-16 16:05:49.546251', null, null, null, null, null, null),
        (148, '148ea1d8-9eda-43aa-b669-9d4265a1818f', '2024-12-16 16:05:49.551557', null, null, null, null, null, null),
        (149, 'cafc0bed-03bf-4aef-a7f6-b327f790e9e2', '2024-12-16 16:05:49.557050', null, null, null, null, null, null),
        (150, 'e809adc5-3aa0-4b11-8781-88915e279210', '2024-12-16 16:05:49.562752', null, null, null, null, null, null),
        (152, '0202e4a8-6779-4f93-931c-aa4146f04306', '2024-12-16 16:05:49.568437', null, null, null, null, null, null),
        (153, '03779696-f25b-4a3f-8e4d-b0c318be9c40', '2024-12-16 16:05:49.574206', null, null, null, null, null, null),
        (28, '7759b102-4350-4362-8eb3-12448ccd990f', '2024-12-16 16:05:49.579798', null, null, null, null, null, null),
        (154, '439be5ff-b2f4-4281-b498-75321b16383e', '2024-12-16 16:05:49.585336', null, null, null, null, null, null),
        (155, '8c6bfa95-5ed4-4985-bcec-78390194ad0a', '2024-12-16 16:05:49.591076', null, null, null, null, null, null),
        (156, 'a311122c-77e3-41a5-8b21-037fd4ef6dc2', '2024-12-16 16:05:49.596691', null, null, null, null, null, null),
        (157, 'a0e7a9d3-3de4-4705-8ab8-b5c13f6583fe', '2024-12-16 16:05:49.602208', null, null, null, null, null, null),
        (158, 'd36ce1f2-41b0-4dea-a408-a900792574a1', '2024-12-16 16:05:49.607995', null, null, null, null, null, null),
        (159, '3070a186-d72e-4427-a63e-8b544565fb20', '2024-12-16 16:05:49.613837', null, null, null, null, null, null),
        (160, '794d8524-074f-4986-b4b4-8b6b51b5ef8b', '2024-12-16 16:05:49.619553', null, null, null, null, null, null),
        (161, '5ab45ab4-61f3-4dc1-ba5d-e14ad6254534', '2024-12-16 16:05:49.625208', null, null, null, null, null, null),
        (162, '065e7d7b-cc08-4a3f-bb7e-a50f8d5e35e6', '2024-12-16 16:05:49.630623', null, null, null, null, null, null),
        (163, 'ca4c3954-d7f6-4960-bff7-62028adaf80b', '2024-12-16 16:05:49.636237', null, null, null, null, null, null),
        (164, 'c60c8ad6-0a09-409f-92ac-418baae30f9b', '2024-12-16 16:05:49.642111', null, null, null, null, null, null),
        (165, '8b94072a-d92c-4d8d-af53-bbbd47522a98', '2024-12-16 16:05:49.648050', null, null, null, null, null, null),
        (166, '15882d67-7c95-4300-b48c-9e42a4d99de4', '2024-12-16 16:05:49.653715', null, null, null, null, null, null),
        (167, '14630512-4b84-40f7-8f0b-112474152858', '2024-12-16 16:05:49.659556', null, null, null, null, null, null),
        (168, '3748d650-b2ca-4dca-9548-7dee23ea80a2', '2024-12-16 16:05:49.665626', null, null, null, null, null, null),
        (170, '17ada53d-a068-4cde-a8e0-4b094f733c29', '2024-12-16 16:05:49.671723', null, null, null, null, null, null),
        (171, '3e4b22f3-229c-45cd-82f8-10870df3e3d6', '2024-12-16 16:05:49.677604', null, null, null, null, null, null),
        (172, '9689ec23-4e8c-4a40-a26f-395beb758fef', '2024-12-16 16:05:49.683342', null, null, null, null, null, null),
        (173, '27c1618e-7cbe-4bed-946a-2a3b2f6a284a', '2024-12-16 16:05:49.688935', null, null, null, null, null, null),
        (174, '4b8b3474-d8cf-4f40-8bdf-d845c6e850b1', '2024-12-16 16:05:49.695011', null, null, null, null, null, null),
        (175, '1c5c5d45-86e1-4570-9f7a-3976d286907d', '2024-12-16 16:05:49.700926', null, null, null, null, null, null),
        (176, 'eb734f5b-cbbe-4a3a-adaf-dba2a5bf311c', '2024-12-16 16:05:49.706870', null, null, null, null, null, null),
        (177, 'ebcd3376-f81f-4c7d-8e27-7dfc36ee16d5', '2024-12-16 16:05:49.712896', null, null, null, null, null, null),
        (31, '327a8ac8-2cd8-4871-bc7c-0c79f6d696da', '2024-12-16 16:05:49.719113', null, null, null, null, null, null),
        (178, '98ef22d0-afbd-4e13-9370-b4869afccb25', '2024-12-16 16:05:49.725671', null, null, null, null, null, null),
        (179, 'a6d9ea98-4fc4-4d77-9ffe-c4c46fdef28a', '2024-12-16 16:05:49.748196', null, null, null, null, null, null),
        (180, 'acaba20e-1846-4d29-9a70-aeb7e1eb6d59', '2024-12-16 16:05:49.758966', null, null, null, null, null, null),
        (181, 'f1383258-5424-49bf-906d-806107bbf77e', '2024-12-16 16:05:49.765117', null, null, null, null, null, null);

-- Insert Driver_Teams
insert into public.driver_team (driver_id, team_id, start_date, end_date)
values  (83, 69, '2024-12-16 17:46:41.190000', null),
        (84, 69, '2024-12-16 17:46:41.204000', null),
        (85, 69, '2024-12-16 17:46:41.215000', null),
        (86, 69, '2024-12-16 17:46:41.226000', null),
        (87, 69, '2024-12-16 17:46:41.237000', null),
        (88, 69, '2024-12-16 17:46:41.247000', null),
        (89, 69, '2024-12-16 17:46:41.260000', null),
        (90, 69, '2024-12-16 17:46:41.271000', null),
        (91, 70, '2024-12-16 17:46:41.281000', null),
        (92, 70, '2024-12-16 17:46:41.291000', null),
        (93, 70, '2024-12-16 17:46:41.300000', null),
        (94, 70, '2024-12-16 17:46:41.309000', null),
        (95, 70, '2024-12-16 17:46:41.317000', null),
        (96, 70, '2024-12-16 17:46:41.327000', null),
        (97, 70, '2024-12-16 17:46:41.336000', null),
        (98, 70, '2024-12-16 17:46:41.346000', null),
        (99, 70, '2024-12-16 17:46:41.355000', null),
        (100, 70, '2024-12-16 17:46:41.364000', null),
        (101, 72, '2024-12-16 17:46:41.373000', null),
        (102, 72, '2024-12-16 17:46:41.381000', null),
        (103, 72, '2024-12-16 17:46:41.391000', null),
        (104, 72, '2024-12-16 17:46:41.400000', null),
        (105, 72, '2024-12-16 17:46:41.409000', null),
        (106, 72, '2024-12-16 17:46:41.418000', null),
        (107, 71, '2024-12-16 17:46:41.426000', null),
        (108, 71, '2024-12-16 17:46:41.436000', null),
        (109, 71, '2024-12-16 17:46:41.445000', null),
        (110, 71, '2024-12-16 17:46:41.454000', null),
        (111, 73, '2024-12-16 17:46:41.462000', null),
        (112, 73, '2024-12-16 17:46:41.472000', null),
        (113, 73, '2024-12-16 17:46:41.481000', null),
        (114, 73, '2024-12-16 17:46:41.490000', null),
        (115, 73, '2024-12-16 17:46:41.501000', null),
        (116, 73, '2024-12-16 17:46:41.510000', null),
        (117, 73, '2024-12-16 17:46:41.519000', null),
        (118, 73, '2024-12-16 17:46:41.528000', null),
        (119, 73, '2024-12-16 17:46:41.536000', null),
        (120, 75, '2024-12-16 17:46:41.546000', null),
        (121, 75, '2024-12-16 17:46:41.555000', null),
        (122, 75, '2024-12-16 17:46:41.564000', null),
        (123, 75, '2024-12-16 17:46:41.573000', null),
        (124, 75, '2024-12-16 17:46:41.583000', null),
        (125, 75, '2024-12-16 17:46:41.592000', null),
        (126, 75, '2024-12-16 17:46:41.602000', null),
        (127, 75, '2024-12-16 17:46:41.611000', null),
        (128, 78, '2024-12-16 17:46:41.623000', null),
        (129, 78, '2024-12-16 17:46:41.638000', null),
        (130, 78, '2024-12-16 17:46:41.651000', null),
        (131, 76, '2024-12-16 17:46:41.666000', null),
        (132, 76, '2024-12-16 17:46:41.681000', null),
        (133, 76, '2024-12-16 17:46:41.695000', null),
        (134, 76, '2024-12-16 17:46:41.711000', null),
        (135, 76, '2024-12-16 17:46:41.726000', null),
        (136, 76, '2024-12-16 17:46:41.742000', null),
        (137, 76, '2024-12-16 17:46:41.757000', null),
        (138, 76, '2024-12-16 17:46:41.772000', null),
        (139, 76, '2024-12-16 17:46:41.787000', null),
        (140, 76, '2024-12-16 17:46:41.804000', null),
        (141, 77, '2024-12-16 17:46:41.820000', null),
        (142, 77, '2024-12-16 17:46:41.835000', null),
        (143, 77, '2024-12-16 17:46:41.852000', null),
        (144, 77, '2024-12-16 17:46:41.868000', null),
        (145, 77, '2024-12-16 17:46:41.883000', null),
        (146, 77, '2024-12-16 17:46:41.899000', null),
        (147, 77, '2024-12-16 17:46:41.914000', null),
        (148, 77, '2024-12-16 17:46:41.931000', null),
        (149, 82, '2024-12-16 17:46:41.947000', null),
        (150, 82, '2024-12-16 17:46:41.963000', null),
        (151, 82, '2024-12-16 17:46:41.980000', null),
        (152, 80, '2024-12-16 17:46:41.996000', null),
        (153, 80, '2024-12-16 17:46:42.013000', null),
        (154, 80, '2024-12-16 17:46:42.029000', null),
        (155, 80, '2024-12-16 17:46:42.045000', null),
        (156, 80, '2024-12-16 17:46:42.057000', null),
        (157, 80, '2024-12-16 17:46:42.069000', null),
        (158, 81, '2024-12-16 17:46:42.082000', null),
        (159, 81, '2024-12-16 17:46:42.094000', null),
        (160, 67, '2024-12-16 17:46:42.106000', null),
        (161, 65, '2024-12-16 17:46:42.118000', null),
        (162, 65, '2024-12-16 17:46:42.129000', null),
        (163, 65, '2024-12-16 17:46:42.139000', null),
        (164, 65, '2024-12-16 17:46:42.152000', null),
        (165, 65, '2024-12-16 17:46:42.169000', null),
        (166, 65, '2024-12-16 17:46:42.186000', null),
        (167, 65, '2024-12-16 17:46:42.202000', null),
        (168, 65, '2024-12-16 17:46:42.219000', null),
        (169, 66, '2024-12-16 17:46:42.235000', null),
        (170, 68, '2024-12-16 17:46:42.249000', null),
        (171, 63, '2024-12-16 17:46:42.265000', null),
        (172, 63, '2024-12-16 17:46:42.281000', null),
        (173, 63, '2024-12-16 17:46:42.299000', null),
        (174, 63, '2024-12-16 17:46:42.314000', null),
        (175, 63, '2024-12-16 17:46:42.331000', null),
        (176, 61, '2024-12-16 17:46:42.346000', null),
        (177, 61, '2024-12-16 17:46:42.363000', null),
        (178, 61, '2024-12-16 17:46:42.380000', null),
        (179, 61, '2024-12-16 17:46:42.396000', null),
        (180, 61, '2024-12-16 17:46:42.412000', null),
        (181, 61, '2024-12-16 17:46:42.429000', null),
        (182, 61, '2024-12-16 17:46:42.445000', null),
        (183, 61, '2024-12-16 17:46:42.462000', null),
        (184, 61, '2024-12-16 17:46:42.479000', null),
        (185, 64, '2024-12-16 17:46:42.495000', null),
        (186, 64, '2024-12-16 17:46:42.507000', null),
        (187, 64, '2024-12-16 17:46:42.520000', null),
        (188, 64, '2024-12-16 17:46:42.533000', null),
        (189, 64, '2024-12-16 17:46:42.545000', null),
        (190, 64, '2024-12-16 17:46:42.558000', null),
        (191, 64, '2024-12-16 17:46:42.570000', null),
        (192, 64, '2024-12-16 17:46:42.581000', null),
        (193, 64, '2024-12-16 17:46:42.592000', null),
        (194, 64, '2024-12-16 17:46:42.602000', null),
        (195, 64, '2024-12-16 17:46:42.614000', null),
        (196, 64, '2024-12-16 17:46:42.627000', null),
        (197, 64, '2024-12-16 17:46:42.640000', null),
        (198, 64, '2024-12-16 17:46:42.651000', null),
        (199, 64, '2024-12-16 17:46:42.661000', null),
        (200, 64, '2024-12-16 17:46:42.672000', null),
        (201, 64, '2024-12-16 17:46:42.683000', null),
        (202, 64, '2024-12-16 17:46:42.694000', null),
        (203, 64, '2024-12-16 17:46:42.704000', null),
        (204, 64, '2024-12-16 17:46:42.718000', null),
        (205, 64, '2024-12-16 17:46:42.731000', null),
        (206, 64, '2024-12-16 17:46:42.753000', null),
        (207, 64, '2024-12-16 17:46:42.766000', null),
        (208, 64, '2024-12-16 17:46:42.780000', null),
        (209, 64, '2024-12-16 17:46:42.793000', null),
        (210, 64, '2024-12-16 17:46:42.804000', null),
        (211, 62, '2024-12-16 17:46:42.817000', null),
        (212, 62, '2024-12-16 17:46:42.827000', null),
        (213, 62, '2024-12-16 17:46:42.838000', null);